state,dun,area_name,ballot_order,name,candidate_uid,party,votes
Kelantan,N.01 Pengkalan Kubor,Pengkalan Kubor,1,Datuk Haji Di,16349,BN,6638
Kelantan,N.01 Pengkalan Kubor,Pengkalan Kubor,2,Tok Imam Wan Husain,15103,PAS,5924
Kelantan,N.02 Kelaboran,Kelaboran,1,Datuk Wan Johani,16351,BN,6220
Kelantan,N.02 Kelaboran,Kelaboran,2,Zaki Haji Ibrahim,16352,PAS,6911
Kelantan,N.03 Pasir Pekan,Pasir Pekan,1,Ustaz Mat,16353,PAS,8855
Kelantan,N.03 Pasir Pekan,Pasir Pekan,2,Hj Noor Tok Gawa,16354,BN,6584
Kelantan,N.04 Wakaf Bharu,Wakaf Bharu,1,Hj Ramli Abu Bakar,16355,PAS,5874
Kelantan,N.04 Wakaf Bharu,Wakaf Bharu,2,Rosdi Aziz,16356,BN,7280
Kelantan,N.05 Kijang,Kijang,1,Che Rosli Bin Hassan,16357,BN,4034
Kelantan,N.05 Kijang,Kijang,2,Husam Musa,3826,PAS,6916
Kelantan,N.06 Chempaka,Chempaka,1,Tuan Guru Dato' Haji Nik Aziz,16359,PAS,7889
Kelantan,N.06 Chempaka,Chempaka,2,Hajjah Ruhani Binti Mamat,16360,BN,4195
Kelantan,N.07 Panchor,Panchor,1,Nik Amar Nik Abdullah,16361,PAS,7123
Kelantan,N.07 Panchor,Panchor,2,Hj. Zulkifli Bin Hj. Dollah,16362,BN,5038
Kelantan,N.08 Tanjong Mas,Tanjong Mas,1,Rohani Binti Ibrahim,16363,PKR,8015
Kelantan,N.08 Tanjong Mas,Tanjong Mas,2,Mansor Adabi Hassan,16364,BN,5226
Kelantan,N.09 Kota Lama,Kota Lama,1,Leong Su Siang,13914,BN,9120
Kelantan,N.09 Kota Lama,Kota Lama,2,Dato Anuar Tan,16366,PAS,9154
Kelantan,N.10 Bunut Payong,Bunut Payong,1,Takiyuddin Hassan,15119,PAS,8340
Kelantan,N.10 Bunut Payong,Bunut Payong,2,Sekh Ruzi,16368,BN,6409
Kelantan,N.11 Tendong,Tendong,1,Haji Fauzi,16369,BN,6852
Kelantan,N.11 Tendong,Tendong,2,Cik Gu Hj Wan Othman,15122,PAS,6063
Kelantan,N.12 Pengkalan Pasir,Pengkalan Pasir,1,Hj Wan Aziz,16371,PAS,7168
Kelantan,N.12 Pengkalan Pasir,Pengkalan Pasir,2,Hj. Hanafi Bin Hj. Mamat,16372,BN,7112
Kelantan,N.13 Chetok,Chetok,1,Ustaz Mustapha Taib,16373,BN,6458
Kelantan,N.13 Chetok,Chetok,2,Hj. Halim,16374,PAS,6970
Kelantan,N.14 Meranti,Meranti,1,Ab Halim,16375,BN,3990
Kelantan,N.14 Meranti,Meranti,2,Ust. Hj. Nassuruddin Hj. Daud,16376,PAS,6095
Kelantan,N.15 Gual Periok,Gual Periok,1,Dato Shaari Mat Hussain,16377,BN,6275
Kelantan,N.15 Gual Periok,Gual Periok,2,Ustaz Lah Razak,16378,PAS,5083
Kelantan,N.16 Bukit Tuku,Bukit Tuku,1,Hussin Bin Ibrahim (Ustaz Tapah) Haji Hussin Lubok,16379,PAS,3625
Kelantan,N.16 Bukit Tuku,Bukit Tuku,2,Mohd Zain,16380,BN,4493
Kelantan,N.17 Salor,Salor,1,Ustazah Zaleha,16381,BN,5508
Kelantan,N.17 Salor,Salor,2,Hj Buni Amin Hamzah,16382,PAS,6641
Kelantan,N.18 Pasir Tumboh,Pasir Tumboh,1,Ust. Baihaki,16383,PAS,6332
Kelantan,N.18 Pasir Tumboh,Pasir Tumboh,2,Nik Ab. Rahman Bin Nik Taib,16384,BN,4547
Kelantan,N.19 Demit,Demit,1,Dato' Muhammad Bin Abdul Ghani,16385,BN,5551
Kelantan,N.19 Demit,Demit,2,Mohamed Daud Iraqi,16386,PAS,8807
Kelantan,N.20 Tawang,Tawang,1,Ustaz Hassan,4470,PAS,8478
Kelantan,N.20 Tawang,Tawang,2,Mohd Zulkifli Bin Haji Zakaria,4032,BN,6780
Kelantan,N.21 Perupok,Perupok,1,Dato' Haji Omar,16389,PAS,7958
Kelantan,N.21 Perupok,Perupok,2,Muhamad Bin Ab. Rahman,5981,BN,6914
Kelantan,N.22 Jelawat,Jelawat,1,Dato' Ilias,16391,BN,8212
Kelantan,N.22 Jelawat,Jelawat,2,Imam Shaary,16392,PAS,7099
Kelantan,N.23 Melor,Melor,1,Tok Wan Ismail,16393,PAS,6563
Kelantan,N.23 Melor,Melor,2,Cikgu Azmi Ishak,16394,BN,6775
Kelantan,N.24 Kadok,Kadok,1,Cikgu Hj. Sharifuddin,16395,BN,4590
Kelantan,N.24 Kadok,Kadok,2,Imam Shukri,16396,PAS,5301
Kelantan,N.25 Kok Lanas,Kok Lanas,1,Hj. Shaari,16397,PAS,5663
Kelantan,N.25 Kok Lanas,Kok Lanas,2,Dato' Haji Annuar B. Hj. Musa,16398,BN,8509
Kelantan,N.26 Bukit Panau,Bukit Panau,1,Abdul Fatah Bin Haji Mahmood,16399,PAS,6926
Kelantan,N.26 Bukit Panau,Bukit Panau,2,Ustaz Baharudin,16400,BN,6500
Kelantan,N.27 Gual Ipoh,Gual Ipoh,1,Cikgu Wan Yusoff,16401,PAS,4033
Kelantan,N.27 Gual Ipoh,Gual Ipoh,2,Datuk Hj Hashim Safin,16402,BN,5149
Kelantan,N.28 Kemahang,Kemahang,1,Mej (B) Nizam,16403,PAS,3901
Kelantan,N.28 Kemahang,Kemahang,2,Nuainun @ Shuhainie Binti Deraman,16404,BN,3549
Kelantan,N.29 Selising,Selising,1,Ust. Saipul Bahrin,16405,PAS,5492
Kelantan,N.29 Selising,Selising,2,Amran Mat Nor,3329,BN,5679
Kelantan,N.30 Limbongan,Limbongan,1,Hj. Zainal Abedin Mohamad,16407,BN,6444
Kelantan,N.30 Limbongan,Limbongan,2,Zainuddin Bin Ag. Hamat,16408,PAS,7090
Kelantan,N.31 Semerak,Semerak,1,Kamarudin Md Nor,2014,BN,6095
Kelantan,N.31 Semerak,Semerak,2,Cikgu Haji Hussin,15160,PAS,5396
Kelantan,N.32 Gaal,Gaal,1,Tuan Mustaffa Bin Tuan Mat,16411,BN,4926
Kelantan,N.32 Gaal,Gaal,2,Dr. Nik Mazian,15163,PAS,4969
Kelantan,N.33 Pulai Chondong,Pulai Chondong,1,Ustaz Halim Ismail,16413,BN,5761
Kelantan,N.33 Pulai Chondong,Pulai Chondong,2,Zulkifli Bin Mamat,16414,PAS,5866
Kelantan,N.34 Temangan,Temangan,1,Datuk Ismail Mamat,16415,BN,5525
Kelantan,N.34 Temangan,Temangan,2,Hj Hassan Muhamad,16416,PAS,5600
Kelantan,N.35 Kemuning,Kemuning,1,Dato' Wan Mohamad Zin Bin Mat Amin,16417,BN,6076
Kelantan,N.35 Kemuning,Kemuning,2,Zakaria Bin Yaacob,16418,PAS,6078
Kelantan,N.36 Bukit Bunga,Bukit Bunga,1,Mohd Adhan Bin Kechik,13980,BN,6397
Kelantan,N.36 Bukit Bunga,Bukit Bunga,2,Haji Sufely,16420,PAS,3531
Kelantan,N.37 Air Lanas,Air Lanas,1,Mustapa Bin Muhamed,16421,BN,5118
Kelantan,N.37 Air Lanas,Air Lanas,2,Abdullah Bin Ya'Kub,16422,PAS,4319
Kelantan,N.38 Kuala Balah,Kuala Balah,1,Hj Abdul Rashid Jais,16423,PAS,2726
Kelantan,N.38 Kuala Balah,Kuala Balah,2,Abdul Aziz Bin Derashid,13984,BN,4515
Kelantan,N.39 Mengkebang,Mengkebang,1,Haji Azizzuddin,16425,BN,5315
Kelantan,N.39 Mengkebang,Mengkebang,2,Ustaz Abdul Latiff,16426,PAS,4999
Kelantan,N.40 Guchil,Guchil,1,Mohd Zaki Bin Haji Kassim,4129,BEBAS,51
Kelantan,N.40 Guchil,Guchil,2,Zulkafli Bin Yacob,16428,PAS,5136
Kelantan,N.40 Guchil,Guchil,3,Shamshul Ikhwan Bin Ashari Azmi,16429,BN,6146
Kelantan,N.41 Manek Urai,Manek Urai,1,Zamzuri Mat Lazim,16430,PAS,4309
Kelantan,N.41 Manek Urai,Manek Urai,2,Mohamed Zulkepli Bin Omar,16431,BN,4362
Kelantan,N.42 Dabong,Dabong,1,Dato Ramzi Bin Ab Rahman,16432,BN,3466
Kelantan,N.42 Dabong,Dabong,2,Cik Gu Abdul Ghafar,16433,PAS,2372
Kelantan,N.43 Nenggiri,Nenggiri,1,Mat Yusoff Bin Abdul Ghani,16434,BN,4516
Kelantan,N.43 Nenggiri,Nenggiri,2,Cikgu Hj. Zain,16435,PKR,1831
Kelantan,N.44 Paloh,Paloh,1,Norazman Mat Amin,16436,PKR,2364
Kelantan,N.44 Paloh,Paloh,2,Nozula,16437,BN,5244
Kelantan,N.45 Galas,Galas,1,Mohamad Saufi Hj Deraman,15188,BN,4184
Kelantan,N.45 Galas,Galas,2,Chek Hashim,16439,PAS,2455
