state,dun,area_name,ballot_order,name,candidate_uid,party,votes
Pulau Pinang,N.01 Penaga,Penaga,1,Ustaz Yusni,21061,PAS,8530
Pulau Pinang,N.01 Penaga,Penaga,2,Mohd Zain Bin Ahmad,19569,BN,7398
Pulau Pinang,N.02 Bertam,Bertam,1,Khaliq Mehtab Bin Mohd Ishaq,21063,PKR,6485
Pulau Pinang,N.02 Bertam,Bertam,2,Mokhtar Bin Ramly,21064,PAS,2986
Pulau Pinang,N.02 Bertam,Bertam,3,Shariful Azhar Bin Othman,19572,BN,6268
Pulau Pinang,N.03 Pinang Tunggal,Pinang Tunggal,1,Dato' Ir. Zakiyuddin,21066,PKR,7754
Pulau Pinang,N.03 Pinang Tunggal,Pinang Tunggal,2,Bukhori Bin Ghazali,21067,PAS,4622
Pulau Pinang,N.03 Pinang Tunggal,Pinang Tunggal,3,Dato' Roslan Bin Saidin,18000,BN,7627
Pulau Pinang,N.04 Permatang Berangan,Permatang Berangan,1,Nor Hafizah Binti Othman,21069,BN,6870
Pulau Pinang,N.04 Permatang Berangan,Permatang Berangan,2,Azman Shah Bin Othman,21070,PRM,24
Pulau Pinang,N.04 Permatang Berangan,Permatang Berangan,3,Pakcik Sobri,21071,PAS,6224
Pulau Pinang,N.04 Permatang Berangan,Permatang Berangan,4,Dato' Seri Mohd. Shariff Bin Omar,19579,PKR,5021
Pulau Pinang,N.05 Sungai Dua,Sungai Dua,1,Cikgu Hadi,21073,PAS,5380
Pulau Pinang,N.05 Sungai Dua,Sungai Dua,2,Muhamad Yusoff Mohd Noor,19578,BN,7314
Pulau Pinang,N.05 Sungai Dua,Sungai Dua,3,Yusri Bin Isahak,21075,PKR,5115
Pulau Pinang,N.06 Telok Ayer Tawar,Telok Ayer Tawar,1,Ustaz Hanif Haron,21076,PAS,3900
Pulau Pinang,N.06 Telok Ayer Tawar,Telok Ayer Tawar,2,Mustafa Kamal,21077,PKR,7072
Pulau Pinang,N.06 Telok Ayer Tawar,Telok Ayer Tawar,3,Lee Thian Hong,21078,PRM,88
Pulau Pinang,N.06 Telok Ayer Tawar,Telok Ayer Tawar,4,Zamri Bin Che Ros,21079,BN,4869
Pulau Pinang,N.07 Sungai Puyu,Sungai Puyu,1,Tan Lay Hock,21080,PRM,101
Pulau Pinang,N.07 Sungai Puyu,Sungai Puyu,2,Neoh Bok Keng,21081,MU,79
Pulau Pinang,N.07 Sungai Puyu,Sungai Puyu,3,Lim Hai Song,21082,BN,2136
Pulau Pinang,N.07 Sungai Puyu,Sungai Puyu,4,Phee Boon Poh,10809,PKR,21705
Pulau Pinang,N.07 Sungai Puyu,Sungai Puyu,5,Ong Yin Yin,21084,PFP,51
Pulau Pinang,N.08 Bagan Jermal,Bagan Jermal,1,Teoh Chai Deng,21085,PRM,74
Pulau Pinang,N.08 Bagan Jermal,Bagan Jermal,2,Soon Lip Chee,19619,PKR,18134
Pulau Pinang,N.08 Bagan Jermal,Bagan Jermal,3,Hari Devyndran A/L Muniswaran,21087,MU,106
Pulau Pinang,N.08 Bagan Jermal,Bagan Jermal,4,Fabian George Albart,21088,PFP,30
Pulau Pinang,N.08 Bagan Jermal,Bagan Jermal,5,Ang Chor Keong,21089,BN,2898
Pulau Pinang,N.09 Bagan Dalam,Bagan Dalam,1,Teoh Uat Lye,21090,MU,51
Pulau Pinang,N.09 Bagan Dalam,Bagan Dalam,2,J. Dhinagaran,21091,BN,3918
Pulau Pinang,N.09 Bagan Dalam,Bagan Dalam,3,Satees A/L Muniandy,21092,PKR,10701
Pulau Pinang,N.09 Bagan Dalam,Bagan Dalam,4,Teoh Huck Ping,21093,PRM,45
Pulau Pinang,N.09 Bagan Dalam,Bagan Dalam,5,Jasper Ooi Zong Han,21094,PFP,36
Pulau Pinang,N.10 Seberang Jaya,Seberang Jaya,1,Abu Bakar Sidekh Bin Zainul Abidin,21095,BN,8593
Pulau Pinang,N.10 Seberang Jaya,Seberang Jaya,2,Hj Ahmad Rafaei Bin Dato Ir A Rashid,21096,PAS,5540
Pulau Pinang,N.10 Seberang Jaya,Seberang Jaya,3,Dr. Afif Bahardin,4832,PKR,16014
Pulau Pinang,N.11 Permatang Pasir,Permatang Pasir,1,Faiz Fadzil,4937,PKR,9708
Pulau Pinang,N.11 Permatang Pasir,Permatang Pasir,2,Ustaz Muhammad Fauzi Bin Yusoff,21099,PAS,6727
Pulau Pinang,N.11 Permatang Pasir,Permatang Pasir,3,Anuar Faisal Bin Yahaya,19594,BN,4979
Pulau Pinang,N.12 Penanti,Penanti,1,Suhaimi Bin Sabudin,21101,BN,5277
Pulau Pinang,N.12 Penanti,Penanti,2,Hjh Dr Norlela Ariffin,19597,PKR,8221
Pulau Pinang,N.12 Penanti,Penanti,3,Ustaz Muhammad Fawwaz Bin Mohamad Jan,21103,PAS,4791
Pulau Pinang,N.13 Berapit,Berapit,1,Heng Lee Lee,21104,PKR,18378
Pulau Pinang,N.13 Berapit,Berapit,2,Lee Poh Kong,21105,PFP,105
Pulau Pinang,N.13 Berapit,Berapit,3,Goh Swee Gim,21106,BN,1397
Pulau Pinang,N.13 Berapit,Berapit,4,Song Chee Meng,21107,PRM,84
Pulau Pinang,N.14 Machang Bubuk,Machang Bubuk,1,Lee Khai Loon,19601,PKR,21819
Pulau Pinang,N.14 Machang Bubuk,Machang Bubuk,2,Tang Ah Ba,21109,PRM,53
Pulau Pinang,N.14 Machang Bubuk,Machang Bubuk,3,Lim Jhun Hou,21110,MU,28
Pulau Pinang,N.14 Machang Bubuk,Machang Bubuk,4,Tan Teik Cheng,16682,BN,4658
Pulau Pinang,N.14 Machang Bubuk,Machang Bubuk,5,Md Jamil Abd Rahman,21112,PAS,5072
Pulau Pinang,N.15 Padang Lalang,Padang Lalang,1,Chong Eng,2661,PKR,20764
Pulau Pinang,N.15 Padang Lalang,Padang Lalang,2,Liew Ee Jin,21114,PFP,101
Pulau Pinang,N.15 Padang Lalang,Padang Lalang,3,Kuan Hin Yeep,21115,BN,2400
Pulau Pinang,N.15 Padang Lalang,Padang Lalang,4,Lai Yean Nee,21116,PRM,154
Pulau Pinang,N.16 Perai,Perai,1,Ooi Khar Giap,4068,PFP,104
Pulau Pinang,N.16 Perai,Perai,2,M. Suresh,21118,BN,2194
Pulau Pinang,N.16 Perai,Perai,3,R.Kumary,21119,BEBAS,23
Pulau Pinang,N.16 Perai,Perai,4,Asoghan A/L Govindaraju,19588,PAP,33
Pulau Pinang,N.16 Perai,Perai,5,Samuganathan A/L Muniandy,21121,PRM,37
Pulau Pinang,N.16 Perai,Perai,6,Prof. P.Ramasamy,21122,PKR,11243
Pulau Pinang,N.17 Bukit Tengah,Bukit Tengah,1,Gooi Hsiao-Leung,3294,PKR,12535
Pulau Pinang,N.17 Bukit Tengah,Bukit Tengah,2,Edward Joseph,21124,PFP,27
Pulau Pinang,N.17 Bukit Tengah,Bukit Tengah,3,Dr. Thor Teong Gee,3359,BN,3977
Pulau Pinang,N.17 Bukit Tengah,Bukit Tengah,4,Tang Hiang Lye,21126,PRM,53
Pulau Pinang,N.17 Bukit Tengah,Bukit Tengah,5,Norazman Bin Ishak,21127,PAS,2355
Pulau Pinang,N.18 Bukit Tambun,Bukit Tambun,1,Ong Seong Lu,21128,PFP,54
Pulau Pinang,N.18 Bukit Tambun,Bukit Tambun,2,Goh B. Koon,21129,PRM,117
Pulau Pinang,N.18 Bukit Tambun,Bukit Tambun,3,Hartini Tan,21130,BN,3184
Pulau Pinang,N.18 Bukit Tambun,Bukit Tambun,4,Goh Choon Aik,21131,PKR,18064
Pulau Pinang,N.18 Bukit Tambun,Bukit Tambun,5,Kumaravelu A/L Arumugam,21132,PAS,735
Pulau Pinang,N.19 Jawi,Jawi,1,Tan Beng Huat,18032,PAP,309
Pulau Pinang,N.19 Jawi,Jawi,2,Dr. Kiew Hen Chong,21134,BN,4188
Pulau Pinang,N.19 Jawi,Jawi,3,Daphne,21135,PFP,73
Pulau Pinang,N.19 Jawi,Jawi,4,H'Ng Mooi Lye,21136,PKR,17559
Pulau Pinang,N.19 Jawi,Jawi,5,Tan Chew Suan,21137,PRM,51
Pulau Pinang,N.19 Jawi,Jawi,6,Koay Xing Boon,4065,MU,165
Pulau Pinang,N.20 Sungai Bakap,Sungai Bakap,1,Tan Chow Kang,17672,PRM,55
Pulau Pinang,N.20 Sungai Bakap,Sungai Bakap,2,Ustaz Osman Bin Jaafar,21140,PAS,4316
Pulau Pinang,N.20 Sungai Bakap,Sungai Bakap,3,Dr Amar Pritpal Bin Abdullah,21141,PKR,10386
Pulau Pinang,N.20 Sungai Bakap,Sungai Bakap,4,Dato Mohamed Sani Bakar,21142,BN,8038
Pulau Pinang,N.21 Sungai Acheh,Sungai Acheh,1,Zulkifli Bin Ibrahim,15492,PKR,7486
Pulau Pinang,N.21 Sungai Acheh,Sungai Acheh,2,Dato Mahmud Zakaria,21144,BN,7070
Pulau Pinang,N.21 Sungai Acheh,Sungai Acheh,3,Nor Zamri Bin Latiff,21145,PAS,2383
Pulau Pinang,N.22 Tanjong Bunga,Tanjong Bunga,1,Marvin Lee Zheng Yong,21146,MU,74
Pulau Pinang,N.22 Tanjong Bunga,Tanjong Bunga,2,Chua Cheong Wee,21147,PRM,122
Pulau Pinang,N.22 Tanjong Bunga,Tanjong Bunga,3,Zairil Khir Johari,3706,PKR,13245
Pulau Pinang,N.22 Tanjong Bunga,Tanjong Bunga,4,Teng Chang Yeow,16707,BN,3902
Pulau Pinang,N.23 Air Putih,Air Putih,1,Lim Guan Eng,1839,PKR,9362
Pulau Pinang,N.23 Air Putih,Air Putih,2,Tang Heap Seng,3713,BN,1404
Pulau Pinang,N.23 Air Putih,Air Putih,3,Tan Gin Theam,4073,MU,87
Pulau Pinang,N.23 Air Putih,Air Putih,4,Manikandan A/L Ramayah,21153,PCM,83
Pulau Pinang,N.24 Kebun Bunga,Kebun Bunga,1,Ooi Zhi Yi,21154,BN,2254
Pulau Pinang,N.24 Kebun Bunga,Kebun Bunga,2,Wu Kai Min,21155,MU,110
Pulau Pinang,N.24 Kebun Bunga,Kebun Bunga,3,Jason Ong Khan Lee,18042,PKR,14851
Pulau Pinang,N.25 Pulau Tikus,Pulau Tikus,1,Jason Loo Jieh Sheng,21157,BN,2434
Pulau Pinang,N.25 Pulau Tikus,Pulau Tikus,2,Wee Kean Wai,21158,MU,75
Pulau Pinang,N.25 Pulau Tikus,Pulau Tikus,3,Lee Chun Kit,21159,PKR,11679
Pulau Pinang,N.26 Padang Kota,Padang Kota,1,H'Ng Khoon Leng,21160,BN,1470
Pulau Pinang,N.26 Padang Kota,Padang Kota,2,Goh Saik Wei,21161,MU,71
Pulau Pinang,N.26 Padang Kota,Padang Kota,3,Chow Kon Yeow,2665,PKR,9278
Pulau Pinang,N.27 Pengkalan Kota,Pengkalan Kota,1,Lim Swee Bok,21163,BN,1647
Pulau Pinang,N.27 Pengkalan Kota,Pengkalan Kota,2,Chew Seng Tung,21164,PRM,68
Pulau Pinang,N.27 Pengkalan Kota,Pengkalan Kota,3,Gooi Zi Sen,21165,PKR,15037
Pulau Pinang,N.27 Pengkalan Kota,Pengkalan Kota,4,Ragindran A/L Sivasamy,21166,BEBAS,87
Pulau Pinang,N.27 Pengkalan Kota,Pengkalan Kota,5,Koay Teng Lye,21167,MU,82
Pulau Pinang,N.28 Komtar,Komtar,1,Ong Chun Jiet,21168,MU,85
Pulau Pinang,N.28 Komtar,Komtar,2,Teh Lai Heng,16711,PKR,10113
Pulau Pinang,N.28 Komtar,Komtar,3,Tan Hing Teik,21170,BN,1750
Pulau Pinang,N.29 Datok Keramat,Datok Keramat,1,Jagdeep Singh Deo A/L Karpal Singh,21171,PKR,13712
Pulau Pinang,N.29 Datok Keramat,Datok Keramat,2,Lee Boon Ten,14269,BN,4151
Pulau Pinang,N.29 Datok Keramat,Datok Keramat,3,Lim Boo Chang,1726,MU,194
Pulau Pinang,N.29 Datok Keramat,Datok Keramat,4,Nicholas Diane,21174,PFP,18
Pulau Pinang,N.29 Datok Keramat,Datok Keramat,5,Muhammad Majnun Bin Abdul Wahab,21175,BEBAS,146
Pulau Pinang,N.30 Sungai Pinang,Sungai Pinang,1,Yacoob Bin Omar,6441,PAS,1575
Pulau Pinang,N.30 Sungai Pinang,Sungai Pinang,2,Lim Siew Khim,19644,PKR,15362
Pulau Pinang,N.30 Sungai Pinang,Sungai Pinang,3,Ng Fook On,3710,BN,4974
Pulau Pinang,N.30 Sungai Pinang,Sungai Pinang,4,Tan Sim Bee,4078,MU,79
Pulau Pinang,N.30 Sungai Pinang,Sungai Pinang,5,Yacoob,21180,BEBAS,119
Pulau Pinang,N.30 Sungai Pinang,Sungai Pinang,6,Teh Yee Cheu,4597,PSM,223
Pulau Pinang,N.31 Batu Lancang,Batu Lancang,1,Ong Ah Teong,21182,PKR,20615
Pulau Pinang,N.31 Batu Lancang,Batu Lancang,2,Koo Pei Chee,21183,BN,2407
Pulau Pinang,N.31 Batu Lancang,Batu Lancang,3,Kee Lean Ee,21184,MU,139
Pulau Pinang,N.32 Seri Delima,Seri Delima,1,Khoo Kay Teong,21185,BN,3342
Pulau Pinang,N.32 Seri Delima,Seri Delima,2,Tan Yang Yung,21186,MU,159
Pulau Pinang,N.32 Seri Delima,Seri Delima,3,Syerleena Abdul Rashid,4596,PKR,16553
Pulau Pinang,N.33 Air Itam,Air Itam,1,Tan Kah Leong,21188,BN,3047
Pulau Pinang,N.33 Air Itam,Air Itam,2,Kang Teik Woi,21189,MU,148
Pulau Pinang,N.33 Air Itam,Air Itam,3,Joseph Ng Soon Siang,21190,PKR,12588
Pulau Pinang,N.34 Paya Terubong,Paya Terubong,1,Wong Chin Chong,4609,BN,4126
Pulau Pinang,N.34 Paya Terubong,Paya Terubong,2,Kuan Aun Wan,21192,MU,421
Pulau Pinang,N.34 Paya Terubong,Paya Terubong,3,Yeoh Soon Hin,16724,PKR,35315
Pulau Pinang,N.35 Batu Uban,Batu Uban,1,Hng Chee Wey,4598,BN,3806
Pulau Pinang,N.35 Batu Uban,Batu Uban,2,Vikneswaran A/L Muniandy,21195,PAS,1176
Pulau Pinang,N.35 Batu Uban,Batu Uban,3,A. Kumaresan,21196,PKR,21079
Pulau Pinang,N.35 Batu Uban,Batu Uban,4,Teoh Kean Liang,21197,PFP,32
Pulau Pinang,N.35 Batu Uban,Batu Uban,5,Teoh Kok Siang,21198,MU,116
Pulau Pinang,N.36 Pantai Jerejak,Pantai Jerejak,1,David Yim Boon Leong,4082,MU,97
Pulau Pinang,N.36 Pantai Jerejak,Pantai Jerejak,2,Mohd Farhan Bin Yusri,21200,PAS,1670
Pulau Pinang,N.36 Pantai Jerejak,Pantai Jerejak,3,Oh Tong Keong,4614,BN,3298
Pulau Pinang,N.36 Pantai Jerejak,Pantai Jerejak,4,Dato Saifuddin Nasution,21202,PKR,14014
Pulau Pinang,N.37 Batu Maung,Batu Maung,1,Dato' Hj Abdul Halim Hussain,21203,PKR,17380
Pulau Pinang,N.37 Batu Maung,Batu Maung,2,Saiful Lizan Bin Md Yusoff,21204,PAS,3153
Pulau Pinang,N.37 Batu Maung,Batu Maung,3,Liakat Ali Bin Mohamed Ali,21205,BN,9063
Pulau Pinang,N.38 Bayan Lepas,Bayan Lepas,1,Azrul Mahathir Bin Aziz,21206,PKR,12504
Pulau Pinang,N.38 Bayan Lepas,Bayan Lepas,2,Zarina Shinta Madar,21207,PAS,2497
Pulau Pinang,N.38 Bayan Lepas,Bayan Lepas,3,Cikgu Rusli Hashim,21208,BN,7259
Pulau Pinang,N.39 Pulau Betong,Pulau Betong,1,Cikgu Mohd Taufik,21209,PAS,1645
Pulau Pinang,N.39 Pulau Betong,Pulau Betong,2,Yeoh Cheng Huat,21210,PRM,64
Pulau Pinang,N.39 Pulau Betong,Pulau Betong,3,Haji Tuah Ismail,21211,PKR,7675
Pulau Pinang,N.39 Pulau Betong,Pulau Betong,4,Datuk Sr Dr Muhamad Farid Bin Saad,21212,BN,6079
Pulau Pinang,N.40 Telok Bahang,Telok Bahang,1,Zolkifly B. Md Lazim,14281,PKR,5482
Pulau Pinang,N.40 Telok Bahang,Telok Bahang,2,Mohd Ali Bin Othman,21214,PAS,1469
Pulau Pinang,N.40 Telok Bahang,Telok Bahang,3,Shah Headan Ayoob Hussain Shah,21215,BN,5057
