state,dun,area_name,ballot_order,name,candidate_uid,party,votes
Pulau Pinang,N.01 Penaga,Penaga,1,Azhar B Ibrahim,13065,BN,4839
Pulau Pinang,N.01 Penaga,Penaga,2,Mohd Hamdan Bin Haji Abd Rahman,11891,PAS,2295
Pulau Pinang,N.02 Bertam,Bertam,1,Mohd Nor Samad,13067,S46,3252
Pulau Pinang,N.02 Bertam,Bertam,2,Datuk Abdul Rahman Abbas,13068,BN,7306
Pulau Pinang,N.03 Pinang Tunggal,Pinang Tunggal,1,Yahaya Bin Abdul Hamid,11887,BN,4080
Pulau Pinang,N.03 Pinang Tunggal,Pinang Tunggal,2,Mohd Sani Bin Abdullah,13070,S46,2285
Pulau Pinang,N.04 Ara Rendang,Ara Rendang,1,Haji Khalid Bin Man,13071,S46,2331
Pulau Pinang,N.04 Ara Rendang,Ara Rendang,2,Hj. Zakaria Bakar,13072,BN,6506
Pulau Pinang,N.05 Sungai Dua,Sungai Dua,1,Mohd Salleh Bin Man,2350,PAS,2435
Pulau Pinang,N.05 Sungai Dua,Sungai Dua,2,Mohammed Yusof Bin Abdul Latib @ Abdul Latiff,1716,BN,6379
Pulau Pinang,N.06 Telok Ayer Tawar,Telok Ayer Tawar,1,Hajjah Rokiah Bee Bt Hassan,13075,BN,6711
Pulau Pinang,N.06 Telok Ayer Tawar,Telok Ayer Tawar,2,Naser Bin Mohd Razi,2348,S46,2547
Pulau Pinang,N.07 Bagan Jermal,Bagan Jermal,1,Loon Kok Khoon,10813,BN,6463
Pulau Pinang,N.07 Bagan Jermal,Bagan Jermal,2,Phee Boon Poh,10809,DAP,11244
Pulau Pinang,N.08 Mak Madin,Mak Madin,1,Lim Hock Seng,2044,DAP,7365
Pulau Pinang,N.08 Mak Madin,Mak Madin,2,Dato Michael Chen,13080,BN,7256
Pulau Pinang,N.09 Prai,Prai,1,S. Asamaley,13081,DAP,5250
Pulau Pinang,N.09 Prai,Prai,2,Valli Muthusamy,13082,BN,4895
Pulau Pinang,N.10 Seberang Jaya,Seberang Jaya,1,Dr. Ibrahim Saad,2660,BN,8757
Pulau Pinang,N.10 Seberang Jaya,Seberang Jaya,2,Yeow Yu Beng,11906,DAP,3230
Pulau Pinang,N.11 Permatang Pasir,Permatang Pasir,1,Haji Adnan Bin Haji Ramli,13085,BN,7338
Pulau Pinang,N.11 Permatang Pasir,Permatang Pasir,2,Yusoff Bin Abdul Latib,11917,PAS,3066
Pulau Pinang,N.12 Penanti,Penanti,1,Hj. Mohd Salleh Bin Hj. Din,13087,S46,2214
Pulau Pinang,N.12 Penanti,Penanti,2,Ahmad Bin Saad,5767,BN,6685
Pulau Pinang,N.13 Berapit,Berapit,1,Wong Hang Yoke,10855,DAP,10110
Pulau Pinang,N.13 Berapit,Berapit,2,Dr. Khaw Keng Hong,13090,BN,5316
Pulau Pinang,N.14 Machang Bubuk,Machang Bubuk,1,Choong Ah Keoh,13091,DAP,5545
Pulau Pinang,N.14 Machang Bubuk,Machang Bubuk,2,Goik Hock Lai,11916,BN,7497
Pulau Pinang,N.14 Machang Bubuk,Machang Bubuk,3,A Raman Manap,13093,BEBAS,996
Pulau Pinang,N.15 Bukit Tengah,Bukit Tengah,1,Chian Heng Kai,936,DAP,6346
Pulau Pinang,N.15 Bukit Tengah,Bukit Tengah,2,Liang Thau Sang,9693,BN,6155
Pulau Pinang,N.16 Sungai Bakap,Sungai Bakap,1,Abu Harith Hj. Ahmad,13096,S46,3632
Pulau Pinang,N.16 Sungai Bakap,Sungai Bakap,2,Dr. Goh Cheng Teik,1721,BN,6564
Pulau Pinang,N.17 Jawi,Jawi,1,Chin Kooi Thoon,10826,DAP,8827
Pulau Pinang,N.17 Jawi,Jawi,2,Teoh Kooi Sneah,8551,BN,5604
Pulau Pinang,N.18 Sungai Acheh,Sungai Acheh,1,Abu Bakar Bin Yahya,13100,S46,2804
Pulau Pinang,N.18 Sungai Acheh,Sungai Acheh,2,Ibrahim Bin Yaakob,3458,BN,5528
Pulau Pinang,N.19 Tanjong Bunga,Tanjong Bunga,1,Dr Koh Tsu Koon,1431,BN,7585
Pulau Pinang,N.19 Tanjong Bunga,Tanjong Bunga,2,Gooi Hock Seng,906,DAP,6573
Pulau Pinang,N.20 Ayer Itam,Ayer Itam,1,Khoo Boo Yeang,11930,BN,6169
Pulau Pinang,N.20 Ayer Itam,Ayer Itam,2,Ong Hock Aun,11942,DAP,9269
Pulau Pinang,N.21 Kebun Bunga,Kebun Bunga,1,Dr Teng Hock Nan,13106,BN,5927
Pulau Pinang,N.21 Kebun Bunga,Kebun Bunga,2,Ho Soon Cheng,13107,DAP,5843
Pulau Pinang,N.22 Padang Kota,Padang Kota,1,Dr Lim Chong Eu,435,BN,5611
Pulau Pinang,N.22 Padang Kota,Padang Kota,2,Lim Kit Siang,698,DAP,6317
Pulau Pinang,N.23 Pengkalan Kota,Pengkalan Kota,1,Dr Loh Hock Hun,13110,BN,7666
Pulau Pinang,N.23 Pengkalan Kota,Pengkalan Kota,2,Chow Kon Yeow,2665,DAP,11336
Pulau Pinang,N.24 Kampong Kolam,Kampong Kolam,1,Cheah Teik Hoe,13112,DAP,8506
Pulau Pinang,N.24 Kampong Kolam,Kampong Kolam,2,Wong Hoong Keat,1160,BN,4934
Pulau Pinang,N.25 Datok Keramat,Datok Keramat,1,K. Balasundram,13114,DAP,7591
Pulau Pinang,N.25 Datok Keramat,Datok Keramat,2,Dr Denis Mark Lee,13115,BN,6660
Pulau Pinang,N.26 Sungai Pinang,Sungai Pinang,1,Dr Kang Chin Seng,2662,BN,8763
Pulau Pinang,N.26 Sungai Pinang,Sungai Pinang,2,Karpal Singh,9753,DAP,7065
Pulau Pinang,N.27 Batu Lanchang,Batu Lanchang,1,Chua Thien Lye,13118,BN,5741
Pulau Pinang,N.27 Batu Lanchang,Batu Lanchang,2,Tan Loo Jit,13119,DAP,9812
Pulau Pinang,N.28 Bukit Gelugor,Bukit Gelugor,1,Tan Yeap Leong,13120,BN,4635
Pulau Pinang,N.28 Bukit Gelugor,Bukit Gelugor,2,Peter Paul Dason,13121,DAP,7376
Pulau Pinang,N.29 Paya Terubong,Paya Terubong,1,Teoh Teik Huat,1718,DAP,8921
Pulau Pinang,N.29 Paya Terubong,Paya Terubong,2,Chin Nyok Soo,9732,BN,8003
Pulau Pinang,N.30 Batu Uban,Batu Uban,1,Ahmad Nor,2054,DAP,8065
Pulau Pinang,N.30 Batu Uban,Batu Uban,2,Kee Phaik Cheen,11953,BN,12204
Pulau Pinang,N.31 Telok Bahang,Telok Bahang,1,Dr Hj. Hilmi Hj Yahya,13126,BN,6364
Pulau Pinang,N.31 Telok Bahang,Telok Bahang,2,Dr Sanusi Othman,2055,PRM,3913
Pulau Pinang,N.32 Telok Kumbar,Telok Kumbar,1,Ismail Mydinsah,13128,S46,3176
Pulau Pinang,N.32 Telok Kumbar,Telok Kumbar,2,Mohd Zain B Hj Omar,13129,BN,6661
Pulau Pinang,N.33 Bayan Lepas,Bayan Lepas,1,Lim Chien Aun,2991,BN,12578
Pulau Pinang,N.33 Bayan Lepas,Bayan Lepas,2,Hj. Mohammad Hj. Hashim,13131,PAS,4986
