state,dun,area_name,ballot_order,name,candidate_uid,party,party_uid,votes
Sabah,N.01 Banggi,Banggi,1,Kusugan Bin Ali,17080,PPRS,77,105
Sabah,N.01 Banggi,Banggi,2,Datuk Abd Mijul Bin Unaini,20077,BN,25,3234
Sabah,N.01 Banggi,Banggi,3,Abidula Bin Amsana,10070,PHRS,78,198
Sabah,N.01 Banggi,Banggi,4,Mohammad Mohamarin,20079,WARISAN,74,3613
Sabah,N.01 Banggi,Banggi,5,Norlaji Bin Amir Hassan,20080,SOLIDARITI,80,367
Sabah,N.01 Banggi,Banggi,6,Abdul Nasir Bin Jamaluddin,20081,PKS,28,43
Sabah,N.02 Tanjong Kapor,Tanjong Kapor,1,Thomas Tsen,20082,PCS,75,481
Sabah,N.02 Tanjong Kapor,Tanjong Kapor,2,Chong Chen Bin,20083,WARISAN,74,9124
Sabah,N.02 Tanjong Kapor,Tanjong Kapor,3,Teo Chee Kang,17084,BN,25,6132
Sabah,N.02 Tanjong Kapor,Tanjong Kapor,4,Allaidly Binti Poyon,20085,PPRS,77,446
Sabah,N.02 Tanjong Kapor,Tanjong Kapor,5,Aliasgar Bin Omolong,20086,PAS,3,617
Sabah,N.03 Pitas,Pitas,1,Datuk Bolkiah Bin Hj Ismail,18421,BN,25,5606
Sabah,N.03 Pitas,Pitas,2,Dausieh Binti Queck @ Paraman,18422,PAS,3,262
Sabah,N.03 Pitas,Pitas,3,Pransol Tiying,20089,ANAKNEGERI,83,400
Sabah,N.03 Pitas,Pitas,4,Bakir Bin Mancaing,20090,PHRS,78,1527
Sabah,N.03 Pitas,Pitas,5,Ramlah Binti Nasir,20091,PKS,28,508
Sabah,N.03 Pitas,Pitas,6,Maklin Masiau,20092,WARISAN,74,4324
Sabah,N.04 Matunggong,Matunggong,1,Marunsai Bin Dawai,18425,SOLIDARITI,80,2968
Sabah,N.04 Matunggong,Matunggong,2,Sazalye Donol Bin Abdullah,20094,PKR,11,5259
Sabah,N.04 Matunggong,Matunggong,3,Julita Mojungki,20095,BN,25,6946
Sabah,N.04 Matunggong,Matunggong,4,Jornah Mozihim,20096,PCS,75,1348
Sabah,N.04 Matunggong,Matunggong,5,Rahim Bin Madhakong,20097,PKS,28,98
Sabah,N.05 Tandek,Tandek,1,Johnson Bin Assan @ Johnson Gaban,20098,PCS,75,553
Sabah,N.05 Tandek,Tandek,2,Baintin Adun,20099,WARISAN,74,4285
Sabah,N.05 Tandek,Tandek,3,Datuk Anita Baranting,20100,BN,25,8877
Sabah,N.05 Tandek,Tandek,4,Joel Masilung,20101,SOLIDARITI,80,3621
Sabah,N.06 Tempasuk,Tempasuk,1,Suwah Bulleh,20102,SOLIDARITI,80,1494
Sabah,N.06 Tempasuk,Tempasuk,2,Mustaqim Bin Aling,20103,PAS,3,521
Sabah,N.06 Tempasuk,Tempasuk,3,Musbah Haji Jamli,20104,BN,25,7742
Sabah,N.06 Tempasuk,Tempasuk,4,Mustapha Sakmud,5064,PKR,11,5478
Sabah,N.07 Kadamaian,Kadamaian,1,Mail Bin Balinu,20106,PCS,75,764
Sabah,N.07 Kadamaian,Kadamaian,2,Rubbin Guribah,20107,SOLIDARITI,80,3034
Sabah,N.07 Kadamaian,Kadamaian,3,Lukia Binti Indan,17104,PKR,11,3567
Sabah,N.07 Kadamaian,Kadamaian,4,Satail Bin Manjungkat,20109,PAS,3,129
Sabah,N.07 Kadamaian,Kadamaian,5,Ewon Benedick,5073,BN,25,6861
Sabah,N.08 Usukan,Usukan,1,Datuk Japlin Bin Akim,17108,BN,25,8738
Sabah,N.08 Usukan,Usukan,2,Abdul Bahkrin Bin Mohd Yusof,20112,WARISAN,74,7513
Sabah,N.08 Usukan,Usukan,3,Amsor Bin Tuah,20113,BEBAS,1,70
Sabah,N.08 Usukan,Usukan,4,Adzmin Bin Awang,20114,PAS,3,355
Sabah,N.09 Tamparuli,Tamparuli,1,Datuk Jahid Jahim,20115,BN,25,6818
Sabah,N.09 Tamparuli,Tamparuli,2,Dausil Bin Kundayong,20116,PKR,11,4738
Sabah,N.09 Tamparuli,Tamparuli,3,Mojilip Bin Bumburing @ Wilfred,8978,PCS,75,2541
Sabah,N.09 Tamparuli,Tamparuli,4,Jasmin Bin Dulin,20118,SOLIDARITI,80,901
Sabah,N.10 Sulaman,Sulaman,1,Haji Hajiji Bin Haji Noor,20119,BN,25,12966
Sabah,N.10 Sulaman,Sulaman,2,Abdullah Sani Bin Daud,20120,WARISAN,74,5192
Sabah,N.10 Sulaman,Sulaman,3,Arifin Bin Harith,18450,PHRS,78,467
Sabah,N.11 Kiulu,Kiulu,1,Joniston Bin Lumai @ Bangkuai,18457,BN,25,4336
Sabah,N.11 Kiulu,Kiulu,2,Gaibin Ransoi,17115,PCS,75,543
Sabah,N.11 Kiulu,Kiulu,3,Jo-Anna Sue Henley Rampas,5058,WARISAN,74,2893
Sabah,N.11 Kiulu,Kiulu,4,Terence Sinti,18456,SOLIDARITI,80,2457
Sabah,N.12 Karambunai,Karambunai,1,Azhar Matussin,20126,WARISAN,74,14157
Sabah,N.12 Karambunai,Karambunai,2,Aspar Akbar,20127,PAS,3,1696
Sabah,N.12 Karambunai,Karambunai,3,Jainab Binti Ahmad,15806,BN,25,8791
Sabah,N.12 Karambunai,Karambunai,4,Ahsim Bin Jamat,20129,SAPP,66,1258
Sabah,N.13 Inanam,Inanam,1,Jakariah Bin Janit,17240,PKS,28,156
Sabah,N.13 Inanam,Inanam,2,Johnny Goh,20131,BN,25,5850
Sabah,N.13 Inanam,Inanam,3,Situl Bin Mintow,20132,BEBAS,1,57
Sabah,N.13 Inanam,Inanam,4,Terence Tsen Kim Fatt,20133,ANAKNEGERI,83,480
Sabah,N.13 Inanam,Inanam,5,Kenny Chua,20134,PKR,11,13633
Sabah,N.13 Inanam,Inanam,6,John Stephen Dionysius,20135,SAPP,66,1695
Sabah,N.14 Likas,Likas,1,Tan Lee Fatt,20136,DAP,18,9163
Sabah,N.14 Likas,Likas,2,Chin Shu Ying,18467,BN,25,1261
Sabah,N.14 Likas,Likas,3,Richard Yong We Kong,18482,SAPP,66,673
Sabah,N.15 Api-Api,Api-Api,1,Dr. Chan Chee Ching,20139,BEBAS,1,94
Sabah,N.15 Api-Api,Api-Api,2,Yee Moh Chai,2519,BN,25,5220
Sabah,N.15 Api-Api,Api-Api,3,Land Lip Fong,20141,ANAKNEGERI,83,244
Sabah,N.15 Api-Api,Api-Api,4,Christina Liew,3204,PKR,11,8174
Sabah,N.15 Api-Api,Api-Api,5,Lim Kat Chung,20143,SAPP,66,598
Sabah,N.16 Luyang,Luyang,1,Gee Tien Siong,20144,SAPP,66,807
Sabah,N.16 Luyang,Luyang,2,Phoong Jin Zhe,20145,DAP,18,14237
Sabah,N.16 Luyang,Luyang,3,Dr. Pamela Yong,20146,BN,25,1829
Sabah,N.17 Tanjong Aru,Tanjong Aru,1,Noraiza Binti Mohammad Noor,20147,PHRS,78,566
Sabah,N.17 Tanjong Aru,Tanjong Aru,2,Roger Chong Wei Leung,20148,ANAKNEGERI,83,494
Sabah,N.17 Tanjong Aru,Tanjong Aru,3,Ir. Edward Yong Oui Fah,17132,BN,25,5184
Sabah,N.17 Tanjong Aru,Tanjong Aru,4,Hamid Ismail,20150,PAS,3,1379
Sabah,N.17 Tanjong Aru,Tanjong Aru,5,Wong Hong Jun,18466,WARISAN,74,9794
Sabah,N.18 Petagas,Petagas,1,Yahya Bin Hussin,12440,BN,25,6318
Sabah,N.18 Petagas,Petagas,2,Ester Otion Matanul,20153,PHRS,78,760
Sabah,N.18 Petagas,Petagas,3,Uda Bin Sulai,14657,WARISAN,74,6526
Sabah,N.19 Kapayan,Kapayan,1,Francis Goh Fah Shun,20155,BN,25,6308
Sabah,N.19 Kapayan,Kapayan,2,Chong Pit Fah,18489,SOLIDARITI,80,1318
Sabah,N.19 Kapayan,Kapayan,3,Jannie Lasimbang,20157,DAP,18,19558
Sabah,N.20 Moyog,Moyog,1,Datuk Donald Peter Mojuntin,20158,BN,25,5303
Sabah,N.20 Moyog,Moyog,2,Jenifer Lasimbang,20159,WARISAN,74,9745
Sabah,N.20 Moyog,Moyog,3,Bandasan @ Dionisius Dennis J Tunding,20160,PCS,75,222
Sabah,N.20 Moyog,Moyog,4,Danim @ Aloysius Siap,18492,SOLIDARITI,80,605
Sabah,N.21 Kawang,Kawang,1,Matlin Bin Jilon,20162,PHRS,78,781
Sabah,N.21 Kawang,Kawang,2,Datuk Gulamhaidar @ Yusof Bin Khan Bahadar,15837,BN,25,10388
Sabah,N.21 Kawang,Kawang,3,Salleh Hj Eddris,20164,WARISAN,74,7526
Sabah,N.21 Kawang,Kawang,4,Wahid Bin Ismail,20165,ANAKNEGERI,83,201
Sabah,N.22 Pantai Manis,Pantai Manis,1,Jawasing Bin Mianus @ Herman J Mianus,20166,PCS,75,129
Sabah,N.22 Pantai Manis,Pantai Manis,2,Haji Abdul Rahim Bin Ismail,17148,BN,25,7126
Sabah,N.22 Pantai Manis,Pantai Manis,3,James @ Ebi Ghani,20168,PHRS,78,448
Sabah,N.22 Pantai Manis,Pantai Manis,4,Aidi Moktar,20169,WARISAN,74,9234
Sabah,N.23 Bongawan,Bongawan,1,Datuk Mohamad Bin Alamin,20170,BN,25,6117
Sabah,N.23 Bongawan,Bongawan,2,Daud Bin Yusof,5083,WARISAN,74,6912
Sabah,N.23 Bongawan,Bongawan,3,Jaafar Bin Ismail,3557,PHRS,78,627
Sabah,N.24 Membakut,Membakut,1,Mohd Arifin Bin Mohd Arif,15842,BN,25,6495
Sabah,N.24 Membakut,Membakut,2,Ali Omar Bin Mohd Idris,20174,PHRS,78,456
Sabah,N.24 Membakut,Membakut,3,Rosjelen Binti Salimat,20175,PCS,75,223
Sabah,N.24 Membakut,Membakut,4,Haji Yahya Bin Ahmad,11958,BEBAS,1,85
Sabah,N.24 Membakut,Membakut,5,Abd Sani Bin Marip @ Marif,20177,WARISAN,74,4092
Sabah,N.25 Klias,Klias,1,Isnin Bin Hj Aliasnih,18514,BN,25,6173
Sabah,N.25 Klias,Klias,2,Johair Binti Mat Lani,20179,WARISAN,74,3725
Sabah,N.25 Klias,Klias,3,Lajim Bin Ukin (Datuk Seri Panglima),20180,PHRS,78,3837
Sabah,N.26 Kuala Penyu,Kuala Penyu,1,Datuk Limus Bin Jury,20181,BN,25,7352
Sabah,N.26 Kuala Penyu,Kuala Penyu,2,Nikol Tiunsu @ Herman Tiongsoh,20182,PCS,75,548
Sabah,N.26 Kuala Penyu,Kuala Penyu,3,Dikin Bin Musah,5087,PKR,11,3807
Sabah,N.26 Kuala Penyu,Kuala Penyu,4,Jonas Bin Sungin @ Sunggim,20184,PHRS,78,1749
Sabah,N.27 Lumadan,Lumadan,1,Matbali Musah,20185,BN,25,6836
Sabah,N.27 Lumadan,Lumadan,2,Asmat Bin Japar,20186,PHRS,78,1331
Sabah,N.27 Lumadan,Lumadan,3,Md Samlih Bin Juaisin,20187,WARISAN,74,3901
Sabah,N.28 Sindumin,Sindumin,1,Datuk Dr Yusof,20188,WARISAN,74,6648
Sabah,N.28 Sindumin,Sindumin,2,Datuk Haji Sapawi Bin Amat Wasali @ Ahmad,20189,BN,25,5888
Sabah,N.28 Sindumin,Sindumin,3,Patrick Sadom,20190,PHRS,78,273
Sabah,N.29 Kundasang,Kundasang,1,Jinus Bin Sodiong,20191,PKS,28,166
Sabah,N.29 Kundasang,Kundasang,2,Japiril Suhaimin,3219,SOLIDARITI,80,2105
Sabah,N.29 Kundasang,Kundasang,3,Siriman @ Mohd Fazid Bin Basir,20193,WARISAN,74,3716
Sabah,N.29 Kundasang,Kundasang,4,Datuk Henrynus Amin,20194,ANAKNEGERI,83,733
Sabah,N.29 Kundasang,Kundasang,5,Dr. Joachim Gunsalam,17170,BN,25,3971
Sabah,N.30 Karanaan,Karanaan,1,Datuk Masidi Manjun,17173,BN,25,6849
Sabah,N.30 Karanaan,Karanaan,2,Juhaili Bin Sidek,20197,ANAKNEGERI,83,104
Sabah,N.30 Karanaan,Karanaan,3,Aman @ Adzman Bin Manaf,20198,PHRS,78,685
Sabah,N.30 Karanaan,Karanaan,4,Pehing @ Chong Peck Hing,20199,PKR,11,3067
Sabah,N.31 Paginatan,Paginatan,1,Julian @ Paul Bin Sidin,20200,WARISAN,74,3600
Sabah,N.31 Paginatan,Paginatan,2,Datuk Abidin Bin Madingkir,20201,BN,25,5666
Sabah,N.31 Paginatan,Paginatan,3,Satiol Bin Indong,18532,PCS,75,362
Sabah,N.31 Paginatan,Paginatan,4,Mat Jaili Samat,17177,PPRS,77,104
Sabah,N.31 Paginatan,Paginatan,5,Feddrin Tuliang,20204,SOLIDARITI,80,1870
Sabah,N.32 Tambunan,Tambunan,1,Justin Bin Alip,20205,WARISAN,74,1427
Sabah,N.32 Tambunan,Tambunan,2,Nestor Bin Joannes,15867,PCS,75,456
Sabah,N.32 Tambunan,Tambunan,3,Datuk Dr. Jeffrey Kitingan,17184,SOLIDARITI,80,6136
Sabah,N.32 Tambunan,Tambunan,4,Joseph Pairin Kitingan,7897,BN,25,5099
Sabah,N.33 Bingkor,Bingkor,1,Peter Jino Allion,20209,BN,25,4387
Sabah,N.33 Bingkor,Bingkor,2,Datuk Justin Guka,20210,BEBAS,1,182
Sabah,N.33 Bingkor,Bingkor,3,Robert Tawik,20211,SOLIDARITI,80,4552
Sabah,N.33 Bingkor,Bingkor,4,Peter Saili,20212,DAP,18,4233
Sabah,N.33 Bingkor,Bingkor,5,Thomas Anggan,10188,PKS,28,69
Sabah,N.33 Bingkor,Bingkor,6,Dr. Aisat Ellik Bin Igau @ Oswald Iggau,20214,ANAKNEGERI,83,290
Sabah,N.34 Liawan,Liawan,1,Kong Fui Seng,18561,SOLIDARITI,80,1809
Sabah,N.34 Liawan,Liawan,2,Hussein @ Jaimis Bin Kassim @ Madatin,20216,PCS,75,176
Sabah,N.34 Liawan,Liawan,3,Sairin Karno,9052,BN,25,5005
Sabah,N.34 Liawan,Liawan,4,Rasinin Bin Koutis @ Kautis,5102,WARISAN,74,6387
Sabah,N.35 Melalap,Melalap,1,Jimmy Jawatah,3910,SOLIDARITI,80,861
Sabah,N.35 Melalap,Melalap,2,Radin Malleh,2217,BN,25,4717
Sabah,N.35 Melalap,Melalap,3,Peter Anthony,20221,WARISAN,74,5010
Sabah,N.35 Melalap,Melalap,4,Chinly Bin Moniu @ Mah Tsen Li,20222,PCS,75,69
Sabah,N.35 Melalap,Melalap,5,George Rejos,20223,PKS,28,45
Sabah,N.36 Kemabong,Kemabong,1,Yahia @ Yahya Bin Raimah,20224,PHRS,78,124
Sabah,N.36 Kemabong,Kemabong,2,Haris Bin Bolos,20225,WARISAN,74,5198
Sabah,N.36 Kemabong,Kemabong,3,Tay Jin Kiong @ Alfred,18564,PCS,75,152
Sabah,N.36 Kemabong,Kemabong,4,Jamawi Bin Ja'Afar,5105,BN,25,6093
Sabah,N.37 Sook,Sook,1,Ellron Bin Angin,2533,BN,25,8042
Sabah,N.37 Sook,Sook,2,Baritus Gungkit @ Evaristus,20229,SOLIDARITI,80,3402
Sabah,N.37 Sook,Sook,3,Peter Beaty,20230,ANAKNEGERI,83,113
Sabah,N.37 Sook,Sook,4,Martin Tomy @ Tommy,3224,WARISAN,74,3557
Sabah,N.38 Nabawan,Nabawan,1,Datuk Bobbey Suan,17200,BN,25,5474
Sabah,N.38 Nabawan,Nabawan,2,Ahuar Bin Rasam,13538,WARISAN,74,3402
Sabah,N.38 Nabawan,Nabawan,3,Angin @ Nasruddin Bin Lambahan,20234,PCS,75,156
Sabah,N.38 Nabawan,Nabawan,4,Apandy @ Lukan Bin Angindi,20235,PHRS,78,165
Sabah,N.39 Sugut,Sugut,1,Datuk James Bin Ratib,18577,BN,25,4704
Sabah,N.39 Sugut,Sugut,2,Arshad Bin Abdul Mualaf,20237,PPRS,77,436
Sabah,N.39 Sugut,Sugut,3,Aspah Bin Abdullah Sani,20238,WARISAN,74,3183
Sabah,N.39 Sugut,Sugut,4,Ag Osman Bin Asibih,20239,PKS,28,111
Sabah,N.40 Labuk,Labuk,1,Abdul Rahman Bin Datuk Hj Kongkawang,20240,BN,25,6665
Sabah,N.40 Labuk,Labuk,2,Albert T Enti,20241,PKS,28,141
Sabah,N.40 Labuk,Labuk,3,Rainus Awang,20242,SOLIDARITI,80,1171
Sabah,N.40 Labuk,Labuk,4,James Bin Miki,3916,PCS,75,383
Sabah,N.40 Labuk,Labuk,5,Ramsah Bin Tasim @ Ramsah Bin Tashim,20244,WARISAN,74,4065
Sabah,N.41 Gum-Gum,Gum-Gum,1,Arunarnsin Bin Taib,20245,WARISAN,74,4710
Sabah,N.41 Gum-Gum,Gum-Gum,2,Joilin @ Christine Binti Bugung,20246,PKS,28,81
Sabah,N.41 Gum-Gum,Gum-Gum,3,Jamaludin Bin Lamba,20247,PPRS,77,63
Sabah,N.41 Gum-Gum,Gum-Gum,4,Datuk Juslie Haji Ajirol,20248,BN,25,4112
Sabah,N.41 Gum-Gum,Gum-Gum,5,Dahil Bin Masdik,20249,PHRS,78,252
Sabah,N.42 Sungai Sibuga,Sungai Sibuga,1,Musa Haji Aman,20250,BN,25,14503
Sabah,N.42 Sungai Sibuga,Sungai Sibuga,2,Osman Bin Enting,17214,PKS,28,241
Sabah,N.42 Sungai Sibuga,Sungai Sibuga,3,Asmara Bin Abdul Rahman,5988,WARISAN,74,12319
Sabah,N.43 Sekong,Sekong,1,Sahar Abdul Majid,20253,PAS,3,366
Sabah,N.43 Sekong,Sekong,2,Arifin Bin Asgali,20254,WARISAN,74,6740
Sabah,N.43 Sekong,Sekong,3,Samsudin Yahya,20255,BN,25,4705
Sabah,N.43 Sekong,Sekong,4,Abdul Rashid Bin Abdul Rahman,6439,STAR,64,48
Sabah,N.43 Sekong,Sekong,5,Alias Rahmad Bin Benjamin,20257,PKS,28,16
Sabah,N.43 Sekong,Sekong,6,Datu Mohd Faisal Bin Datu Bachtiyal,20258,BEBAS,1,43
Sabah,N.44 Karamunting,Karamunting,1,Norsah Bongsu,4350,PAS,3,677
Sabah,N.44 Karamunting,Karamunting,2,Besarun Bin Kecha,20260,STAR,64,61
Sabah,N.44 Karamunting,Karamunting,3,Hiew Vun Zin,18602,WARISAN,74,7243
Sabah,N.44 Karamunting,Karamunting,4,Lim Kai Min,20262,BN,25,3395
Sabah,N.45 Elopura,Elopura,1,Chan Tzun Hei,20263,BN,25,5572
Sabah,N.45 Elopura,Elopura,2,Calvin Chong Ket Kiun,20264,DAP,18,12219
Sabah,N.46 Tanjong Papat,Tanjong Papat,1,Raymond Tan Shu Kiah,17226,BN,25,4002
Sabah,N.46 Tanjong Papat,Tanjong Papat,2,Poon Ming Fung @ Frankie,20266,DAP,18,5818
Sabah,N.46 Tanjong Papat,Tanjong Papat,3,Jufazli Shi Ahmad,20267,BEBAS,1,533
Sabah,N.47 Kuamut,Kuamut,1,Datuk Masiung Banah,20268,BN,25,8042
Sabah,N.47 Kuamut,Kuamut,2,Edward Podok,18607,PCS,75,205
Sabah,N.47 Kuamut,Kuamut,3,Norfaizah Chua,20270,WARISAN,74,3921
Sabah,N.47 Kuamut,Kuamut,4,Jumaidin Lakalla,20271,PAS,3,330
Sabah,N.47 Kuamut,Kuamut,5,James Aik,20272,SOLIDARITI,80,1132
Sabah,N.48 Sukau,Sukau,1,Muariffidin Bin Abdul Malek,20273,PHRS,78,117
Sabah,N.48 Sukau,Sukau,2,Mohd Ismail Bin Ayob,20274,WARISAN,74,3032
Sabah,N.48 Sukau,Sukau,3,Datuk Saddi Haji Abdul Rahman,20275,BN,25,4660
Sabah,N.48 Sukau,Sukau,4,Abdulgani Bin Kosui,15893,PPRS,77,71
Sabah,N.49 Tungku,Tungku,1,Bulangan Panasi,20277,PHRS,78,928
Sabah,N.49 Tungku,Tungku,2,Abd Rahman Bin Taggoh,20278,PKS,28,102
Sabah,N.49 Tungku,Tungku,3,Mizma Binti Appehdullah,20279,BN,25,5294
Sabah,N.49 Tungku,Tungku,4,Assaffal P. Alian,20280,WARISAN,74,6295
Sabah,N.50 Lahad Datu,Lahad Datu,1,Dato' Hj Mohammad Yusof Hj Apdal,18619,BN,25,8372
Sabah,N.50 Lahad Datu,Lahad Datu,2,Wong Yu Chin,20282,PHRS,78,663
Sabah,N.50 Lahad Datu,Lahad Datu,3,Dumi Bin Pg. Masdal,3929,WARISAN,74,11304
Sabah,N.51 Kunak,Kunak,1,Nilwan Bin Kabang,13552,BN,25,4630
Sabah,N.51 Kunak,Kunak,2,Norazlinah Binti Arif,20285,WARISAN,74,4898
Sabah,N.51 Kunak,Kunak,3,Sahing Bin Taking,15921,PHRS,78,141
Sabah,N.51 Kunak,Kunak,4,Kasman Bin Karate,18624,PAS,3,492
Sabah,N.52 Sulabayan,Sulabayan,1,Jaujan Bin Sambakong,20288,WARISAN,74,7116
Sabah,N.52 Sulabayan,Sulabayan,2,Utung Bin Tanjong Baru,20289,PHRS,78,54
Sabah,N.52 Sulabayan,Sulabayan,3,Datuk Haji Harman Bin Mohamad,20290,BN,25,2190
Sabah,N.52 Sulabayan,Sulabayan,4,Abdul Nasir Bin Ab Raup,4356,PAS,3,139
Sabah,N.53 Senallang,Senallang,1,Mohd. Shafie Apdal,3585,WARISAN,74,7754
Sabah,N.53 Senallang,Senallang,2,Dato Sri Nasir Bin Tun Sakaran,20293,BN,25,2453
Sabah,N.54 Bugaya,Bugaya,1,Said Tiblan,20294,PPRS,77,57
Sabah,N.54 Bugaya,Bugaya,2,Kulli Bin Maralam,20295,PKS,28,67
Sabah,N.54 Bugaya,Bugaya,3,Mahamod Bin Sarahil,20296,PAS,3,144
Sabah,N.54 Bugaya,Bugaya,4,Manis Buka Binti Mohd Darah,20297,WARISAN,74,10662
Sabah,N.54 Bugaya,Bugaya,5,Razak Sakaran Dandai,20298,BN,25,2811
Sabah,N.54 Bugaya,Bugaya,6,Abd. Muksin Bin Mohammad Hassan,20299,BEBAS,1,15
Sabah,N.55 Balung,Balung,1,Razali Bin Hamzah,20300,PHRS,78,233
Sabah,N.55 Balung,Balung,2,Amboase Bin Ramano,20301,PAS,3,428
Sabah,N.55 Balung,Balung,3,Datuk Osman Bin Jamal,20302,BN,25,4887
Sabah,N.55 Balung,Balung,4,Haji Alipa Jackery,20303,USNO,15,119
Sabah,N.55 Balung,Balung,5,Andi Rus Diana Bt Andi Paladjareng,20304,WARISAN,74,4713
Sabah,N.56 Apas,Apas,1,Abdul Salip Bin Ejal,20305,WARISAN,74,5456
Sabah,N.56 Apas,Apas,2,Alizaman Bin Jijurahman,4359,PHRS,78,333
Sabah,N.56 Apas,Apas,3,Daud Bin Jalaluddin,18667,PAS,3,487
Sabah,N.56 Apas,Apas,4,Nizam Bin Datuk Abu Bakar Titingan,20308,BN,25,7243
Sabah,N.57 Sri Tanjong,Sri Tanjong,1,Pang Thou Chung,20309,PHRS,78,873
Sabah,N.57 Sri Tanjong,Sri Tanjong,2,Lo Su Fui,5146,BN,25,4290
Sabah,N.57 Sri Tanjong,Sri Tanjong,3,Leong Yun Fui,20311,PKS,28,154
Sabah,N.57 Sri Tanjong,Sri Tanjong,4,Wong Sze Phin @ Jimmy,3894,DAP,18,13673
Sabah,N.58 Merotai,Merotai,1,Hj Ahmad Dullah,18663,PAS,3,1209
Sabah,N.58 Merotai,Merotai,2,Lim Ting Khai,20314,BN,25,5557
Sabah,N.58 Merotai,Merotai,3,Sharatha Masyaroh Binti John Ridwan Lincon,20315,PHRS,78,125
Sabah,N.58 Merotai,Merotai,4,Arbaani Bin Akum,20316,AMANAH,71,193
Sabah,N.58 Merotai,Merotai,5,Sarifuddin Bin Hata,20317,WARISAN,74,7707
Sabah,N.58 Merotai,Merotai,6,Azizul Bin Tandek,20318,PKS,28,20
Sabah,N.58 Merotai,Merotai,7,Mohd Nasir Bin Sumadi,20319,USNO,15,28
Sabah,N.59 Tanjong Batu,Tanjong Batu,1,Datuk Hajah Hamisa Binti Samat,20320,BN,25,8538
Sabah,N.59 Tanjong Batu,Tanjong Batu,2,Usman Madeaming,3936,PAS,3,1506
Sabah,N.59 Tanjong Batu,Tanjong Batu,3,Ardi Bin Arsah @ Samsi,17257,PPRS,77,171
Sabah,N.59 Tanjong Batu,Tanjong Batu,4,Ismail Senang,20323,WARISAN,74,6552
Sabah,N.60 Sebatik,Sebatik,1,Yusri Hj Yunus,20324,PPRS,77,38
Sabah,N.60 Sebatik,Sebatik,2,Ustaz Roslan Ramli,20325,PAS,3,504
Sabah,N.60 Sebatik,Sebatik,3,Datuk Hj. Abd Muis Hj. Picho,20326,BN,25,2468
Sabah,N.60 Sebatik,Sebatik,4,Hassan A Gani Pg Amir,20327,WARISAN,74,2275
