state,dun,area_name,ballot_order,name,candidate_uid,party,votes
Sabah,N.01 Banggi,Banggi,1,Akram Bin Ismail,21717,BN,1070
Sabah,N.01 Banggi,Banggi,2,Mohammad Bin Mohamarin,20079,WARISAN,1773
Sabah,N.01 Banggi,Banggi,3,Datu Amir Kahar Bin Datu Mustapha,2509,BEBAS,261
Sabah,N.01 Banggi,Banggi,4,Salbin Bin Muksin,14591,USNO,48
Sabah,N.01 Banggi,Banggi,5,Miasin Bin Nusiri,21721,BEBAS,178
Sabah,N.01 Banggi,Banggi,6,Kamri Bin Kail,21722,PCS,523
Sabah,N.01 Banggi,Banggi,7,Abdul Aziz Bin Amir Bangsah,21723,PPRS,11
Sabah,N.02 Bengkoka,Bengkoka,1,Jose Bin Modsinupu,11156,PCS,159
Sabah,N.02 Bengkoka,Bengkoka,2,Dr. Samuil Mopun,21725,PBS,898
Sabah,N.02 Bengkoka,Bengkoka,3,Pransol Tiying,20089,BEBAS,731
Sabah,N.02 Bengkoka,Bengkoka,4,Mary E Dumpangol @ Aminah Ambrose,21727,BEBAS,399
Sabah,N.02 Bengkoka,Bengkoka,5,Akian Bin Ah Kiew,10082,BEBAS,576
Sabah,N.02 Bengkoka,Bengkoka,6,Sotijin Bin Juhui,21729,GAGASAN,91
Sabah,N.02 Bengkoka,Bengkoka,7,Rita Cham,21730,PPRS,19
Sabah,N.02 Bengkoka,Bengkoka,8,Junsim Rumunzing,21731,UPKO,1201
Sabah,N.02 Bengkoka,Bengkoka,9,Maklin Masiau,20092,BEBAS,1149
Sabah,N.02 Bengkoka,Bengkoka,10,Omar Bin Jalun,21733,USNO,174
Sabah,N.02 Bengkoka,Bengkoka,11,Harun Bin Durabi,21734,BN,2538
Sabah,N.03 Pitas,Pitas,1,Ruddy Awah,21735,BEBAS,2918
Sabah,N.03 Pitas,Pitas,2,Sh Sahar Bin Sh Ading,21736,PCS,314
Sabah,N.03 Pitas,Pitas,3,Sufian Bin Abd Karim,21737,BN,2359
Sabah,N.03 Pitas,Pitas,4,Shariff Azman,21738,WARISAN,1565
Sabah,N.03 Pitas,Pitas,5,Ilasam Bin Nurkasim,21739,USNO,114
Sabah,N.04 Tanjong Kapor,Tanjong Kapor,1,Chin Kee Yong,21740,LDP,1492
Sabah,N.04 Tanjong Kapor,Tanjong Kapor,2,Chong Chen Bin,20083,WARISAN,7206
Sabah,N.04 Tanjong Kapor,Tanjong Kapor,3,Shawn Davey Robert Lee,21742,PCS,221
Sabah,N.04 Tanjong Kapor,Tanjong Kapor,4,Norlizah Binti Gurahman,21743,PN,5327
Sabah,N.04 Tanjong Kapor,Tanjong Kapor,5,Awang Karim Bin Abdul Kadir,17082,USNO,211
Sabah,N.05 Matunggong,Matunggong,1,Dr. Paul Porodong,21745,BEBAS,1069
Sabah,N.05 Matunggong,Matunggong,2,Sarapin Bin Magana,17094,PCS,843
Sabah,N.05 Matunggong,Matunggong,3,Ronald Bin Tampasok,21747,BEBAS,82
Sabah,N.05 Matunggong,Matunggong,4,Richard Kastum,21748,BN,2859
Sabah,N.05 Matunggong,Matunggong,5,Joseff Emmanuel,21749,BEBAS,51
Sabah,N.05 Matunggong,Matunggong,6,Julita Mojungki,20095,PBS,4369
Sabah,N.05 Matunggong,Matunggong,7,Hibin Bin Masalin,21751,GAGASAN,223
Sabah,N.05 Matunggong,Matunggong,8,Sazalye Donol Bin Abdullah,20094,PKR,1680
Sabah,N.06 Bandau,Bandau,1,Majamis Bin Timbong,3880,WARISAN,2500
Sabah,N.06 Bandau,Bandau,2,Webley Disim,21754,PCS,477
Sabah,N.06 Bandau,Bandau,3,Delly Surag @ Tolok,21755,BEBAS,58
Sabah,N.06 Bandau,Bandau,4,Raphael Biun,21756,LDP,331
Sabah,N.06 Bandau,Bandau,5,Datuk Wetrom Bahanda,5052,PN,5863
Sabah,N.06 Bandau,Bandau,6,Azahari Bin Amit,21758,USNO,477
Sabah,N.07 Tandek,Tandek,1,Hendrus Anding,21759,PBS,3796
Sabah,N.07 Tandek,Tandek,2,Padis Majingkin,21760,UPKO,1986
Sabah,N.07 Tandek,Tandek,3,Yillson Yanggun,21761,BN,1520
Sabah,N.07 Tandek,Tandek,4,Anita Baranting,17096,BEBAS,2364
Sabah,N.07 Tandek,Tandek,5,Liensin @ Danny Leinsin Limpakan,21763,LDP,236
Sabah,N.07 Tandek,Tandek,6,Andy Villson,17098,PCS,395
Sabah,N.08 Pintasan,Pintasan,1,Pandikar Amin Bin Mulia,15784,USNO,2660
Sabah,N.08 Pintasan,Pintasan,2,Padlan Bin Samad,21766,PCS,188
Sabah,N.08 Pintasan,Pintasan,3,Roslan Bin Mayahman,21767,PPRS,50
Sabah,N.08 Pintasan,Pintasan,4,Mohd Safian Bin Saludin,21768,WARISAN,1816
Sabah,N.08 Pintasan,Pintasan,5,Datuk Almudin Bin Kaida,21769,BEBAS,780
Sabah,N.08 Pintasan,Pintasan,6,Fairuz Renddan,21770,PN,2744
Sabah,N.09 Tempasuk,Tempasuk,1,Mustapha @ Mohd Yunus Bin Sakmud,21771,PKR,1852
Sabah,N.09 Tempasuk,Tempasuk,2,Kanul Gindol,3884,GAGASAN,57
Sabah,N.09 Tempasuk,Tempasuk,3,Abd. Alif Bin Saibeh,21773,PCS,133
Sabah,N.09 Tempasuk,Tempasuk,4,Datuk Musbah Jamli,18435,BEBAS,2355
Sabah,N.09 Tempasuk,Tempasuk,5,Amza @ Hamzah Bin Sundang,21775,USNO,471
Sabah,N.09 Tempasuk,Tempasuk,6,Mohd Arsad Bin Bistari,21776,BN,4040
Sabah,N.10 Usukan,Usukan,1,Salleh Said Keruak,4307,BN,8280
Sabah,N.10 Usukan,Usukan,2,Datu Mohd Nazaruddin 13 Bin Datu Tiga Belas,21778,PCS,421
Sabah,N.10 Usukan,Usukan,3,Cikgu Abdul Bahkrin Bin Mohd Yusof,20112,WARISAN,3982
Sabah,N.11 Kadamaian,Kadamaian,1,Ewon Benedick,5073,UPKO,6823
Sabah,N.11 Kadamaian,Kadamaian,2,Raiting @ Mohd Farhan,21781,BEBAS,101
Sabah,N.11 Kadamaian,Kadamaian,3,Leduning Bin Lengik @ Ernest,21782,LDP,223
Sabah,N.11 Kadamaian,Kadamaian,4,Dr.Beting Giling @ Joshua,21783,PCS,799
Sabah,N.11 Kadamaian,Kadamaian,5,Demis Bin Rumanti,21784,PBS,3364
Sabah,N.11 Kadamaian,Kadamaian,6,Duanis Mogirong @ Djuanis,21785,BN,2050
Sabah,N.12 Sulaman,Sulaman,1,Rekan Bin Hussien,21786,PCS,253
Sabah,N.12 Sulaman,Sulaman,2,Datuk Aliasgar Bin Basri,21787,WARISAN,2820
Sabah,N.12 Sulaman,Sulaman,3,Datuk Seri Panglima Haji Hajiji Bin Haji Noor,21788,PN,5919
Sabah,N.13 Pantai Dalit,Pantai Dalit,1,Johan Jahid,21789,BEBAS,244
Sabah,N.13 Pantai Dalit,Pantai Dalit,2,Rakam Sijim,21790,WARISAN,3074
Sabah,N.13 Pantai Dalit,Pantai Dalit,3,Jasnih Bin Daya,21791,BN,6868
Sabah,N.13 Pantai Dalit,Pantai Dalit,4,Rusdi Bin Saelih,21792,LDP,138
Sabah,N.13 Pantai Dalit,Pantai Dalit,5,Awil Bin Kamsari,21793,GAGASAN,46
Sabah,N.13 Pantai Dalit,Pantai Dalit,6,Muhamad Amirul Amin,21794,PCS,269
Sabah,N.13 Pantai Dalit,Pantai Dalit,7,Peter Pikul,21795,BEBAS,236
Sabah,N.13 Pantai Dalit,Pantai Dalit,8,Matbee @ Matbeh Bin Ismail,21796,USNO,74
Sabah,N.14 Tamparuli,Tamparuli,1,Alijus @ Mohd Ali Bin Sipil,21797,PKR,3326
Sabah,N.14 Tamparuli,Tamparuli,2,Jahid Jahim,17110,PBS,6843
Sabah,N.14 Tamparuli,Tamparuli,3,Denis Gimpah,21799,PCS,1001
Sabah,N.14 Tamparuli,Tamparuli,4,Raymond Alfred @Jenry,21800,LDP,377
Sabah,N.15 Kiulu,Kiulu,1,Dominic Yasun,21801,BEBAS,266
Sabah,N.15 Kiulu,Kiulu,2,Andau Bin Yasun @ Bruno,4328,PCS,363
Sabah,N.15 Kiulu,Kiulu,3,Wilfred Madius Tangau,2834,UPKO,2786
Sabah,N.15 Kiulu,Kiulu,4,Rozylyn @ Rosalyn Binti Gelunu,21804,LDP,274
Sabah,N.15 Kiulu,Kiulu,5,Joniston Bangkuai,5060,PBS,4007
Sabah,N.15 Kiulu,Kiulu,6,Jolianis Bin Lampog,21806,BEBAS,20
Sabah,N.16 Karambunai,Karambunai,1,Ahmad Jais Bin Otong,21807,WARISAN,5164
Sabah,N.16 Karambunai,Karambunai,2,Dayangku Ayesha Humaira Binti Ak Othman Shah,21808,PCS,315
Sabah,N.16 Karambunai,Karambunai,3,Ibrahim Bin Linggam,14615,USNO,90
Sabah,N.16 Karambunai,Karambunai,4,Yakub Khan,5062,BN,5180
Sabah,N.16 Karambunai,Karambunai,5,Nerudin Ludah,21811,GAGASAN,285
Sabah,N.16 Karambunai,Karambunai,6,Marajoh Bin Unding,21812,LDP,1053
Sabah,N.17 Darau,Darau,1,Jumat Bin Idris,3892,BN,5243
Sabah,N.17 Darau,Darau,2,Laliman Bin Kemad,21814,USNO,244
Sabah,N.17 Darau,Darau,3,Azhar Bin Matussin,21815,WARISAN,5805
Sabah,N.17 Darau,Darau,4,Dasim @ Ricky Bin Jikah,3582,GAGASAN,34
Sabah,N.17 Darau,Darau,5,Hj Ansari Abdullah,17113,PCS,280
Sabah,N.17 Darau,Darau,6,Sumali @ Marino Bin Ahmad,21818,LDP,322
Sabah,N.18 Inanam,Inanam,1,George Ngui,21819,BEBAS,54
Sabah,N.18 Inanam,Inanam,2,Goh Fah Shun @ Francis Goh,21820,GAGASAN,362
Sabah,N.18 Inanam,Inanam,3,Peto Galim,21821,PKR,8586
Sabah,N.18 Inanam,Inanam,4,Regina Lim @ How,21822,PCS,291
Sabah,N.18 Inanam,Inanam,5,William Majinbon,21823,PBS,2948
Sabah,N.18 Inanam,Inanam,6,Mohd Hardy Abdullah @ Zoro Yukon,21824,USNO,156
Sabah,N.18 Inanam,Inanam,7,Achmad Noorasyrul Bin Noortaip,21825,BEBAS,286
Sabah,N.18 Inanam,Inanam,8,Kenny Chua Teck Ho,5075,BEBAS,2346
Sabah,N.18 Inanam,Inanam,9,Chong Kah Kiat,8934,LDP,1606
Sabah,N.18 Inanam,Inanam,10,Terence Tsen,21828,ANAKNEGERI,255
Sabah,N.19 Likas,Likas,1,Chia Chui Ket Melanie,21829,BEBAS,95
Sabah,N.19 Likas,Likas,2,Daniel Isaac Hoong,21830,USNO,81
Sabah,N.19 Likas,Likas,3,Sim Fui,21831,LDP,276
Sabah,N.19 Likas,Likas,4,Chong Chee Vui,21832,PPRS,22
Sabah,N.19 Likas,Likas,5,Tan Lee Fatt,20136,WARISAN,8173
Sabah,N.19 Likas,Likas,6,Dr Chang Kee Ying,21834,BN,656
Sabah,N.19 Likas,Likas,7,Lu Siau Wee,21835,PCS,164
Sabah,N.20 Api-Api,Api-Api,1,Lo Yau Foh,21836,PPRS,280
Sabah,N.20 Api-Api,Api-Api,2,Chong Tze Kiun,21837,GAGASAN,97
Sabah,N.20 Api-Api,Api-Api,3,Marcel Jude,5067,BEBAS,16
Sabah,N.20 Api-Api,Api-Api,4,Chin Su Phin,21839,LDP,317
Sabah,N.20 Api-Api,Api-Api,5,Pang Yuk Ming,17264,PCS,431
Sabah,N.20 Api-Api,Api-Api,6,Dr Yee Moh Chai,2840,PBS,2449
Sabah,N.20 Api-Api,Api-Api,7,Ng Chun Sua,21842,BEBAS,41
Sabah,N.20 Api-Api,Api-Api,8,Christina Liew,3204,PKR,7796
Sabah,N.20 Api-Api,Api-Api,9,Sim Sie Hong,21844,BEBAS,72
Sabah,N.21 Luyang,Luyang,1,Wilson Chang Khai Sim,21845,PCS,190
Sabah,N.21 Luyang,Luyang,2,Datuk Anthony Linggian @ Chong Yuk Ken Jp,21846,LDP,279
Sabah,N.21 Luyang,Luyang,3,Hiew King Cheu,3203,GAGASAN,62
Sabah,N.21 Luyang,Luyang,4,Phoong Jin Zhe,20145,WARISAN,15510
Sabah,N.21 Luyang,Luyang,5,Chin Ling Ling,21849,BEBAS,97
Sabah,N.21 Luyang,Luyang,6,Gee Tien Siong,20144,PN,989
Sabah,N.22 Tanjung Aru,Tanjung Aru,1,Ir. Edward Yong Oui Fah,17132,PBS,647
Sabah,N.22 Tanjung Aru,Tanjung Aru,2,Jan Chow Yee Fah,21852,BEBAS,18
Sabah,N.22 Tanjung Aru,Tanjung Aru,3,Ibrahim Bin Okk Mohd Laiman Diki,21853,LDP,179
Sabah,N.22 Tanjung Aru,Tanjung Aru,4,Shaffic Bin Risaib Shah,21854,USNO,88
Sabah,N.22 Tanjung Aru,Tanjung Aru,5,Noran Addy Bin Sukiran,21855,PCS,241
Sabah,N.22 Tanjung Aru,Tanjung Aru,6,Rizawani Fiona Heng,21856,GAGASAN,25
Sabah,N.22 Tanjung Aru,Tanjung Aru,7,Junz Wong,21857,WARISAN,5685
Sabah,N.22 Tanjung Aru,Tanjung Aru,8,Mohd Reduan Aklee,21858,BN,2538
Sabah,N.23 Petagas,Petagas,1,Ahmad Farid Bin Sainuri,21859,PCS,355
Sabah,N.23 Petagas,Petagas,2,Awang Ahmad Sah,3206,WARISAN,4125
Sabah,N.23 Petagas,Petagas,3,Jecky Lettong @ Thaddeus Jack,21861,LDP,118
Sabah,N.23 Petagas,Petagas,4,Mohamad Bin Kulat,21862,GAGASAN,33
Sabah,N.23 Petagas,Petagas,5,Paul Nointien,21863,BEBAS,572
Sabah,N.23 Petagas,Petagas,6,Arsit Bin Sedi@Sidik,21864,PN,3864
Sabah,N.24 Tanjung Keramat,Tanjung Keramat,1,Faezah Ibnu,21865,LDP,329
Sabah,N.24 Tanjung Keramat,Tanjung Keramat,2,Mohd.Salleh Bin Lamsin,21866,USNO,122
Sabah,N.24 Tanjung Keramat,Tanjung Keramat,3,Ira Uzair,21867,PCS,363
Sabah,N.24 Tanjung Keramat,Tanjung Keramat,4,Rosdy Bin Wasli,21868,WARISAN,3470
Sabah,N.24 Tanjung Keramat,Tanjung Keramat,5,Ir. Shahelmey Yahya,21869,BN,4594
Sabah,N.25 Kapayan,Kapayan,1,Yong Wui Chung,21870,LDP,428
Sabah,N.25 Kapayan,Kapayan,2,Jannie Lasimbang,20157,WARISAN,15052
Sabah,N.25 Kapayan,Kapayan,3,Lu Yen Tung,21872,BN,1889
Sabah,N.25 Kapayan,Kapayan,4,Chua Juan Shiuh,21873,PCS,325
Sabah,N.25 Kapayan,Kapayan,5,Dr. Edwin @ Jack Bosi,3550,PBS,803
Sabah,N.25 Kapayan,Kapayan,6,Stephen Jacob Jimbangan,15826,GAGASAN,892
Sabah,N.25 Kapayan,Kapayan,7,Chew Shung Seng,21876,BEBAS,58
Sabah,N.26 Moyog,Moyog,1,Joe Suleiman,21877,PN,2502
Sabah,N.26 Moyog,Moyog,2,Marcel Annol,21878,LDP,185
Sabah,N.26 Moyog,Moyog,3,William Sampil,21879,PCS,975
Sabah,N.26 Moyog,Moyog,4,Robert Richard Foo,21880,BEBAS,71
Sabah,N.26 Moyog,Moyog,5,Vinson Loijon @ Patrick,21881,PPRS,82
Sabah,N.26 Moyog,Moyog,6,Darell Leiking,3898,WARISAN,8437
Sabah,N.26 Moyog,Moyog,7,John Chryso Bin Masabal,21883,PBS,1175
Sabah,N.27 Limbahau,Limbahau,1,Cornelius Frederick @ Michael Fj Sulip,21884,LDP,473
Sabah,N.27 Limbahau,Limbahau,2,Susanna Jainim Jaris,21885,USNO,54
Sabah,N.27 Limbahau,Limbahau,3,Aubrey G Sham,21886,PCS,249
Sabah,N.27 Limbahau,Limbahau,4,Pius Bin Lokiom,21887,BEBAS,64
Sabah,N.27 Limbahau,Limbahau,5,Laurence Onjuman,21888,BEBAS,354
Sabah,N.27 Limbahau,Limbahau,6,Juil Nuatim,21889,WARISAN,5194
Sabah,N.27 Limbahau,Limbahau,7,Evelyn June Charlie,21890,GAGASAN,34
Sabah,N.27 Limbahau,Limbahau,8,Datuk Johnny Mositun,21891,PBS,2671
Sabah,N.28 Kawang,Kawang,1,Janrywine J Lusin,21892,LDP,119
Sabah,N.28 Kawang,Kawang,2,Datuk Gulamhaidar @ Yusof Bin Khan Bahadar,15837,PN,7747
Sabah,N.28 Kawang,Kawang,3,Musli Bin Sapan @ Mushafien,21894,WARISAN,2653
Sabah,N.28 Kawang,Kawang,4,Abdul Rahim Hj. Lassim,21895,PCS,192
Sabah,N.28 Kawang,Kawang,5,Awang Arip Bin Nasib @ Ag Arif Bin Nasip,21896,USNO,163
Sabah,N.29 Pantai Manis,Pantai Manis,1,Mazreca John,21897,LDP,127
Sabah,N.29 Pantai Manis,Pantai Manis,2,Yahiya Bin Ag Kahar,21898,WARISAN,4430
Sabah,N.29 Pantai Manis,Pantai Manis,3,Mohd Tamin @ Tamin Bin Zainal,21899,BN,5116
Sabah,N.29 Pantai Manis,Pantai Manis,4,Ag Damit @ Ag Sahzain Pg Abd Razak,21900,USNO,151
Sabah,N.29 Pantai Manis,Pantai Manis,5,Fauzi Bin Ibrahim,21901,PCS,499
Sabah,N.30 Bongawan,Bongawan,1,Hj Ag Syairin,21902,BN,3548
Sabah,N.30 Bongawan,Bongawan,2,Daud Bin Yusof,5083,WARISAN,5400
Sabah,N.30 Bongawan,Bongawan,3,Mohd Azree Bin Abd Ghani,21904,LDP,232
Sabah,N.30 Bongawan,Bongawan,4,Anifah Aman,3558,PCS,3598
Sabah,N.31 Membakut,Membakut,1,Ag Duramin Tafa,21906,BEBAS,588
Sabah,N.31 Membakut,Membakut,2,Saat Bin Ag. Damit,21907,PCS,526
Sabah,N.31 Membakut,Membakut,3,Mohd Arifin Bin Mohd Arif,15842,PN,6363
Sabah,N.31 Membakut,Membakut,4,Mohd. Kamaruddin Bin Abd. Hamid,21909,WARISAN,2942
Sabah,N.31 Membakut,Membakut,5,Seniati Bin Abd Ghani,21910,USNO,63
Sabah,N.32 Klias,Klias,1,Abdul Rahman Bin Md Yakub,2848,PKR,2810
Sabah,N.32 Klias,Klias,2,Datuk Isnin Hj.Aliasnih,21912,PN,6711
Sabah,N.32 Klias,Klias,3,Jismit Bin Japong,21913,BEBAS,86
Sabah,N.32 Klias,Klias,4,Amsir Bin Dani,21914,USNO,122
Sabah,N.32 Klias,Klias,5,Abdullah Bin Okin,21915,PCS,1419
Sabah,N.32 Klias,Klias,6,Maksit Bin Saidi,21916,GAGASAN,55
Sabah,N.33 Kuala Penyu,Kuala Penyu,1,Limus Bin Jury,18516,PN,6256
Sabah,N.33 Kuala Penyu,Kuala Penyu,2,Parijik @ Fredzex Bin Bagang,21918,GAGASAN,84
Sabah,N.33 Kuala Penyu,Kuala Penyu,3,Jepri Bin Mapat,21919,LDP,138
Sabah,N.33 Kuala Penyu,Kuala Penyu,4,Mohd Fadzlee Lee Abdullah @ Chun Lee,21920,BEBAS,2947
Sabah,N.33 Kuala Penyu,Kuala Penyu,5,Nelson W. Angang,21921,UPKO,2983
Sabah,N.33 Kuala Penyu,Kuala Penyu,6,Cecilia Jompiuh,21922,PCS,181
Sabah,N.34 Lumadan,Lumadan,1,Sahlih Bin Sirin,2507,GAGASAN,44
Sabah,N.34 Lumadan,Lumadan,2,Kamarlin Bin Ombi,18523,BN,3286
Sabah,N.34 Lumadan,Lumadan,3,Ali Dad Fazal Elahi,21925,USNO,254
Sabah,N.34 Lumadan,Lumadan,4,Malik Bin Unsat @ Jahari,21926,PCS,231
Sabah,N.34 Lumadan,Lumadan,5,Dayang Aezzy Binti Liman,4327,PHRS,59
Sabah,N.34 Lumadan,Lumadan,6,Ruslan Muharam,21928,PBS,3650
Sabah,N.34 Lumadan,Lumadan,7,Johari Bin Mohd Dun,21929,PPRS,135
Sabah,N.34 Lumadan,Lumadan,8,Mohd Saidi Bin Manan,21930,BEBAS,46
Sabah,N.34 Lumadan,Lumadan,9,Ag. Ku Zaidi Bin Pg. Wahab,21931,WARISAN,2859
Sabah,N.35 Sindumin,Sindumin,1,Manshur @ Manshor Bin Okk Mohd Yassin,21932,USNO,365
Sabah,N.35 Sindumin,Sindumin,2,Arifin Bin Harith,18450,GAGASAN,34
Sabah,N.35 Sindumin,Sindumin,3,Daniel Gaing @ George Daniel,21934,LDP,142
Sabah,N.35 Sindumin,Sindumin,4,Datuk Dr Yusof,20188,WARISAN,5415
Sabah,N.35 Sindumin,Sindumin,5,Sani Bin Miasin,21936,BN,4991
Sabah,N.35 Sindumin,Sindumin,6,Jaebeh @ Jaybee Bin Buaya @ Buayie,21937,PCS,114
Sabah,N.36 Kundasang,Kundasang,1,Jeafry Goh Kautah,21938,LDP,293
Sabah,N.36 Kundasang,Kundasang,2,Osman Marajin,21939,GAGASAN,75
Sabah,N.36 Kundasang,Kundasang,3,Dr. Joachim Gunsalam,17170,PBS,4332
Sabah,N.36 Kundasang,Kundasang,4,Ewon Bin Ebin,5100,PCS,2384
Sabah,N.36 Kundasang,Kundasang,5,Siriman Hj. Basir,21942,WARISAN,2910
Sabah,N.37 Karanaan,Karanaan,1,Hadzrul Masnin,21943,PCS,434
Sabah,N.37 Karanaan,Karanaan,2,Md Tajuddin Bin Sadi,21944,USNO,74
Sabah,N.37 Karanaan,Karanaan,3,Awasi Ganie @ Yasin Bin Abdul Ghani,21945,WARISAN,1882
Sabah,N.37 Karanaan,Karanaan,4,Datuk Masidi Bin Manjun @ Masdi,21946,PN,6696
Sabah,N.38 Paginatan,Paginatan,1,Jemadi @ Junaidi Bin Sahat,21947,BN,2460
Sabah,N.38 Paginatan,Paginatan,2,Datuk Henrynus Amin,20194,ANAKNEGERI,349
Sabah,N.38 Paginatan,Paginatan,3,Abidin Bin Madingkir,21949,PN,3783
Sabah,N.38 Paginatan,Paginatan,4,Bensin @ Binsin Bin Dani,21950,GAGASAN,52
Sabah,N.38 Paginatan,Paginatan,5,Georgina George,21951,UPKO,1245
Sabah,N.38 Paginatan,Paginatan,6,Arthur Sen Siong Choo @ Sin Siong Choi,21952,PBS,1588
Sabah,N.38 Paginatan,Paginatan,7,Liong Sun Min @ Sun Min Bin Limatok,21953,LDP,118
Sabah,N.38 Paginatan,Paginatan,8,Kamil Bin Kasibun,21954,USNO,112
Sabah,N.38 Paginatan,Paginatan,9,Amru Bin Abd Kadir,18542,PCS,905
Sabah,N.39 Tambunan,Tambunan,1,Silverius Bruno,21956,PBS,439
Sabah,N.39 Tambunan,Tambunan,2,Damian Marcus Podtung,21957,PCS,326
Sabah,N.39 Tambunan,Tambunan,3,Laurentius Nayan Ambu,21958,UPKO,1899
Sabah,N.39 Tambunan,Tambunan,4,Nordin Bin Jaini @ Zaini,21959,GAGASAN,140
Sabah,N.39 Tambunan,Tambunan,5,Jimmy Palikat,21960,BEBAS,60
Sabah,N.39 Tambunan,Tambunan,6,Datuk Dr. Jeffrey G. Kitingan,17184,PN,8691
Sabah,N.40 Bingkor,Bingkor,1,Peter Saili,20212,WARISAN,2821
Sabah,N.40 Bingkor,Bingkor,2,Alphonsus Bin Felix,21963,PCS,447
Sabah,N.40 Bingkor,Bingkor,3,Engah Bin Sintan @ Dahlan Bin Abdullah,21964,USNO,104
Sabah,N.40 Bingkor,Bingkor,4,Peter Jino Allion,20209,PBS,298
Sabah,N.40 Bingkor,Bingkor,5,Julius Favianus,21966,LDP,210
Sabah,N.40 Bingkor,Bingkor,6,Robert Tawik,20211,PN,7891
Sabah,N.41 Liawan,Liawan,1,Datuk Jake Nointin,5104,BEBAS,1835
Sabah,N.41 Liawan,Liawan,2,Yatin Kukung,21969,LDP,45
Sabah,N.41 Liawan,Liawan,3,Daniel Kinsik,4332,PBS,1084
Sabah,N.41 Liawan,Liawan,4,Annuar Ayub @ Banand,21971,PN,4628
Sabah,N.41 Liawan,Liawan,5,Mazlan Bin Abdul Latiff,21972,PCS,209
Sabah,N.41 Liawan,Liawan,6,Rasinin Bin Koutis @ Kautis,5102,WARISAN,3987
Sabah,N.41 Liawan,Liawan,7,Leong Chau Chu,10246,USNO,43
Sabah,N.42 Melalap,Melalap,1,Apiang Bin Sausun,21975,PCS,268
Sabah,N.42 Melalap,Melalap,2,Datuk Seri Radin Malleh,21976,PBS,1359
Sabah,N.42 Melalap,Melalap,3,Sazali Bin Justi,21977,USNO,32
Sabah,N.42 Melalap,Melalap,4,Peter Anthony,20221,WARISAN,5245
Sabah,N.42 Melalap,Melalap,5,Masdin Bin Tumas,3911,LDP,23
Sabah,N.42 Melalap,Melalap,6,Jamawi  Jaafar,21980,BN,3526
Sabah,N.43 Kemabong,Kemabong,1,Lucas Umbul,21981,UPKO,3202
Sabah,N.43 Kemabong,Kemabong,2,Tay Jin Kiong @ Alfred,18564,PCS,229
Sabah,N.43 Kemabong,Kemabong,3,Rainus Bin Sagulau,21983,USNO,73
Sabah,N.43 Kemabong,Kemabong,4,Raime Bin Unggi,3572,BN,2966
Sabah,N.43 Kemabong,Kemabong,5,Rubin Bin Balang,4335,BEBAS,4214
Sabah,N.43 Kemabong,Kemabong,6,Juster Bin Peter,21986,LDP,268
Sabah,N.44 Tulid,Tulid,1,Dahalan @ Ulin Bin Abdullah @ Amil,21987,LDP,52
Sabah,N.44 Tulid,Tulid,2,Mudi Bin Dubing,21988,WARISAN,1589
Sabah,N.44 Tulid,Tulid,3,Flovia Ng,21989,PN,2267
Sabah,N.44 Tulid,Tulid,4,Mohamad Khairy Bin Abdullah,21990,USNO,69
Sabah,N.44 Tulid,Tulid,5,Matusin Bin Timam,21991,PCS,356
Sabah,N.44 Tulid,Tulid,6,Matusin Bowie,21992,BN,1723
Sabah,N.44 Tulid,Tulid,7,Suman Yasambun,21993,PBS,720
Sabah,N.45 Sook,Sook,1,Ellron Bin Angin,2533,PN,3554
Sabah,N.45 Sook,Sook,2,Rebecca Taimin,21995,PCS,88
Sabah,N.45 Sook,Sook,3,Raymond Ahuar,21996,PKR,2322
Sabah,N.45 Sook,Sook,4,Bonepes Been,21997,BN,1535
Sabah,N.45 Sook,Sook,5,Aning Bin Ansawang,21998,LDP,110
Sabah,N.46 Nabawan,Nabawan,1,Datuk Abd. Ghani Mohd. Yassin,21999,PN,4688
Sabah,N.46 Nabawan,Nabawan,2,Maikol Bin Ampuas,22000,BEBAS,128
Sabah,N.46 Nabawan,Nabawan,3,Ampalus @ Robert Sanaron,22001,PCS,1115
Sabah,N.46 Nabawan,Nabawan,4,Albert Aguir,22002,UPKO,2450
Sabah,N.47 Telupid,Telupid,1,Felix Joseph Sitin,22003,UPKO,1581
Sabah,N.47 Telupid,Telupid,2,Takun B. Ladas @ Mohd Johan Sualan Madinal,22004,LDP,54
Sabah,N.47 Telupid,Telupid,3,Jonnybone J Kurum,22005,PBS,2266
Sabah,N.47 Telupid,Telupid,4,Abdul Wahab Bin Abdul Ghani,22006,BN,1389
Sabah,N.47 Telupid,Telupid,5,Jingkoi Bin Luna,22007,PCS,68
Sabah,N.48 Sugut,Sugut,1,Kamaruddin Bin Jamil,22008,PPRS,86
Sabah,N.48 Sugut,Sugut,2,Jubin Bin Tulawi,22009,USNO,38
Sabah,N.48 Sugut,Sugut,3,Datuk James Ratib,22010,BN,4308
Sabah,N.48 Sugut,Sugut,4,Norsabrina Binti Japar,22011,WARISAN,2644
Sabah,N.48 Sugut,Sugut,5,Raimon Lanjat,22012,PCS,124
Sabah,N.48 Sugut,Sugut,6,Razak Allexsius Kontuni,22013,LDP,178
Sabah,N.48 Sugut,Sugut,7,Undang Bin Jalang,22014,BEBAS,65
Sabah,N.49 Labuk,Labuk,1,Dennis T. Rantau,22015,UPKO,1493
Sabah,N.49 Labuk,Labuk,2,Samad Bin Jambri,22016,PN,2701
Sabah,N.49 Labuk,Labuk,3,Sh. Suhaimi Bin Sh. Miasin,22017,USNO,108
Sabah,N.49 Labuk,Labuk,4,Abdul Rahman Bin Kongkawang,22018,BEBAS,1441
Sabah,N.49 Labuk,Labuk,5,Fidelis K. Michael,22019,PCS,115
Sabah,N.50 Gum-Gum,Gum-Gum,1,Yunus Bin Nurdin,22020,BEBAS,1690
Sabah,N.50 Gum-Gum,Gum-Gum,2,Arunarnsin Bin Taib,20245,WARISAN,3140
Sabah,N.50 Gum-Gum,Gum-Gum,3,Undang Bin Tumpong,22022,PCS,172
Sabah,N.50 Gum-Gum,Gum-Gum,4,Suhaimi Bin Nasir,5122,BN,2871
Sabah,N.50 Gum-Gum,Gum-Gum,5,Jainudin Bin Berahim,22024,LDP,113
Sabah,N.50 Gum-Gum,Gum-Gum,6,Riduan Bin Sampai,22025,PPRS,23
Sabah,N.51 Sungai Manila,Sungai Manila,1,M D Anuar Bin Ma Yusuf,22026,LDP,100
Sabah,N.51 Sungai Manila,Sungai Manila,2,Mohd Arshad Bin Abdul,18588,PPRS,90
Sabah,N.51 Sungai Manila,Sungai Manila,3,Sahidzan Bin Ag Salleh,22028,PCS,191
Sabah,N.51 Sungai Manila,Sungai Manila,4,Mahmud Bin Sudin,22029,WARISAN,3168
Sabah,N.51 Sungai Manila,Sungai Manila,5,Mokran Bin Ingkat,22030,BN,4585
Sabah,N.51 Sungai Manila,Sungai Manila,6,K Zulkipli @ K Zulkifli Bin Harrith,22031,USNO,111
Sabah,N.52 Sungai Sibuga,Sungai Sibuga,1,Hj Mohamad Hamsan,22032,BN,7545
Sabah,N.52 Sungai Sibuga,Sungai Sibuga,2,Irwanshah Bin Mustapa,4349,PCS,526
Sabah,N.52 Sungai Sibuga,Sungai Sibuga,3,Mohd Jain Bin Aliuddin,22034,PPRS,114
Sabah,N.52 Sungai Sibuga,Sungai Sibuga,4,Kemellia Binti Hasan,22035,LDP,126
Sabah,N.52 Sungai Sibuga,Sungai Sibuga,5,Armani Binti Mahiruddin,22036,WARISAN,6007
Sabah,N.53 Sekong,Sekong,1,Saran Bin Jumdail,22037,USNO,63
Sabah,N.53 Sekong,Sekong,2,Cikgu Alias Bin Sani,22038,WARISAN,5937
Sabah,N.53 Sekong,Sekong,3,Mohd Fazil Bin Ajak,22039,LDP,102
Sabah,N.53 Sekong,Sekong,4,Abidin Bin Sukor,22040,PPRS,87
Sabah,N.53 Sekong,Sekong,5,Sitti Nurul Ain Sahidah Bt Pitting,22041,PCS,253
Sabah,N.53 Sekong,Sekong,6,Hazulizah Mohd Dani,22042,BN,4338
Sabah,N.54 Karamunting,Karamunting,1,Adam Chal,22043,USNO,306
Sabah,N.54 Karamunting,Karamunting,2,Loo Mun Yew,22044,PCS,81
Sabah,N.54 Karamunting,Karamunting,3,Hiew Vun Zin,18602,WARISAN,5694
Sabah,N.54 Karamunting,Karamunting,4,Ha Cheun Hoo,22046,LDP,129
Sabah,N.54 Karamunting,Karamunting,5,Kong Nyuk Thou,22047,PBS,235
Sabah,N.54 Karamunting,Karamunting,6,Chew Kok Woh,22048,BN,3215
Sabah,N.54 Karamunting,Karamunting,7,Lee Tiang  Yong @ Lee Chee Ui,22049,PPRS,30
Sabah,N.55 Elopura,Elopura,1,Voo Min Gin,22050,PCS,167
Sabah,N.55 Elopura,Elopura,2,Calvin Chong,22051,WARISAN,10871
Sabah,N.55 Elopura,Elopura,3,Chan Boon Thian,22052,BN,3188
Sabah,N.55 Elopura,Elopura,4,Chong Thien Ming,22053,LDP,226
Sabah,N.55 Elopura,Elopura,5,Khairiah @ Siti Khairiah Binti S.Mohd,22054,USNO,224
Sabah,N.55 Elopura,Elopura,6,Pak Andi @ Mohd Saini,22055,PPRS,93
Sabah,N.56 Tanjong Papat,Tanjong Papat,1,Chung Yu Seng,22056,PCS,79
Sabah,N.56 Tanjong Papat,Tanjong Papat,2,Lam Jin Dak,22057,LDP,62
Sabah,N.56 Tanjong Papat,Tanjong Papat,3,Noraini Binti Sulong,22058,BEBAS,98
Sabah,N.56 Tanjong Papat,Tanjong Papat,4,Ken Yong,22059,PN,2157
Sabah,N.56 Tanjong Papat,Tanjong Papat,5,Poon Ming Fung @ Frankie,20266,WARISAN,5900
Sabah,N.56 Tanjong Papat,Tanjong Papat,6,Mohd Yunus Bin Apil,22061,USNO,345
Sabah,N.56 Tanjong Papat,Tanjong Papat,7,Jamal Bin Ali,22062,PPRS,35
Sabah,N.57 Kuamut,Kuamut,1,Masiung Banah,17229,BEBAS,2802
Sabah,N.57 Kuamut,Kuamut,2,Benson Inggam,22064,UPKO,1824
Sabah,N.57 Kuamut,Kuamut,3,Mohd Mezsi Ng Abdullah,22065,PCS,721
Sabah,N.57 Kuamut,Kuamut,4,Juhari Bin Janan,22066,BN,1547
Sabah,N.57 Kuamut,Kuamut,5,Dr. Ationg Bin Tituh,22067,GAGASAN,270
Sabah,N.58 Lamag,Lamag,1,Junny @ Karuak Bin Abdullah,22068,BEBAS,73
Sabah,N.58 Lamag,Lamag,2,Mohd Ismail Hj Ayob,22069,WARISAN,2374
Sabah,N.58 Lamag,Lamag,3,Sairin Abd.Rahman,22070,PPRS,61
Sabah,N.58 Lamag,Lamag,4,Bung Moktar Bin Radin,5135,BN,3035
Sabah,N.58 Lamag,Lamag,5,Razman Bin Mayah,22072,PCS,71
Sabah,N.59 Sukau,Sukau,1,Jafry Ariffin,22073,BN,3763
Sabah,N.59 Sukau,Sukau,2,Malaya Bin Kasurah,22074,PCS,94
Sabah,N.59 Sukau,Sukau,3,Datuk Saddi Haji Abdul Rahman,20275,BEBAS,1228
Sabah,N.59 Sukau,Sukau,4,Dato` Jakariah Bin Janit,22076,GAGASAN,41
Sabah,N.59 Sukau,Sukau,5,Amrah Bin Liwangsa,22077,WARISAN,1634
Sabah,N.60 Tungku,Tungku,1,Jumaat Bin Anwar,22078,BEBAS,154
Sabah,N.60 Tungku,Tungku,2,Jani Bin Kulmen,22079,PCS,142
Sabah,N.60 Tungku,Tungku,3,Amil Bangsa Bin Amil Ahsan,22080,PKS,24
Sabah,N.60 Tungku,Tungku,4,Assaffal @ Samsul Kamal Bin P. Alian,22081,WARISAN,3792
Sabah,N.60 Tungku,Tungku,5,Mohammad Bin Sidam,22082,USNO,79
Sabah,N.60 Tungku,Tungku,6,Momen @ Abd Momen Bin Anchai @ Anghai,22083,BN,3524
Sabah,N.61 Segama,Segama,1,Basri Abd Gapar,22084,GAGASAN,135
Sabah,N.61 Segama,Segama,2,Kamis Bin Burhan,22085,BEBAS,510
Sabah,N.61 Segama,Segama,3,Kamarudin Bin Mohmad Chinki,22086,PCS,570
Sabah,N.61 Segama,Segama,4,Nicholas Voo Vune Kett,22087,LDP,67
Sabah,N.61 Segama,Segama,5,Sahidin Bin Rabaha,22088,PPRS,399
Sabah,N.61 Segama,Segama,6,Aljen Bin Johnny,22089,PN,2696
Sabah,N.61 Segama,Segama,7,Mohamaddin Bin Ketapi,2224,WARISAN,4864
Sabah,N.61 Segama,Segama,8,Jikamisah Binti Abdul Salam,22091,USNO,39
Sabah,N.62 Silam,Silam,1,Ahmad Bin Tiong @ Baba,22092,GAGASAN,122
Sabah,N.62 Silam,Silam,2,Matusin Bin Sunsang,22093,PCS,196
Sabah,N.62 Silam,Silam,3,Dumi Bin Pg. Masdal,3929,WARISAN,5200
Sabah,N.62 Silam,Silam,4,Mohammad Hamdan Bin Abdullah,22095,USNO,54
Sabah,N.62 Silam,Silam,5,Hj Abdul Hakim Bin Hj Gulam Hassan @ Hj Muda,22096,PN,3658
Sabah,N.62 Silam,Silam,6,Erwan Bin Johan,22097,PPRS,156
Sabah,N.63 Kunak,Kunak,1,Norazlinah Binti Arif,20285,WARISAN,3861
Sabah,N.63 Kunak,Kunak,2,Hasbi Bin Sariat,22099,GAGASAN,290
Sabah,N.63 Kunak,Kunak,3,Nur Aini Binti Abdul Rahman,22100,LDP,404
Sabah,N.63 Kunak,Kunak,4,Mohd Azman @ Abdul Samad Bin Asiman,22101,PCS,77
Sabah,N.63 Kunak,Kunak,5,Utoh Joehann Bin Angkie,22102,USNO,32
Sabah,N.63 Kunak,Kunak,6,Halid Bin Harun,22103,BN,3272
Sabah,N.64 Sulabayan,Sulabayan,1,Alahuddin Bin Mohd. Sarah,22104,PCS,75
Sabah,N.64 Sulabayan,Sulabayan,2,Jaujan Bin Sambakong,20288,WARISAN,5747
Sabah,N.64 Sulabayan,Sulabayan,3,Abdul Manan Bin Indanan,22106,BN,2502
Sabah,N.65 Senallang,Senallang,1,D. Pg. Ahmad Bin Datu Ali Alam,22107,PPRS,39
Sabah,N.65 Senallang,Senallang,2,Mohd Shafie Bin Apdal,22108,WARISAN,6363
Sabah,N.65 Senallang,Senallang,3,Norazman Hj. Utoh Nain,22109,PN,1732
Sabah,N.65 Senallang,Senallang,4,Mohammad Ramzan Bin Abdul Wahab,22110,USNO,61
Sabah,N.65 Senallang,Senallang,5,Madjalis Kk Lais,22111,PCS,51
Sabah,N.66 Bugaya,Bugaya,1,Jihek Bin Basanu,22112,PCS,115
Sabah,N.66 Bugaya,Bugaya,2,Manis Muka Binti Hj. Mohd Darah,22113,WARISAN,8557
Sabah,N.66 Bugaya,Bugaya,3,Rasidan Bin Abd Latiff,22114,BEBAS,92
Sabah,N.66 Bugaya,Bugaya,4,Ahmad Bin Hj Kenajaan,22115,USNO,99
Sabah,N.66 Bugaya,Bugaya,5,Mohd Daud Bin Tampokong,22116,PN,2552
Sabah,N.66 Bugaya,Bugaya,6,Abdul Jan Bin Muammil @ Abdul Jim,22117,BEBAS,31
Sabah,N.66 Bugaya,Bugaya,7,Taraji Bin Jamdi,22118,PPRS,49
Sabah,N.67 Balung,Balung,1,Abdul Hamid Bin Damang,22119,PCS,110
Sabah,N.67 Balung,Balung,2,Labosa @ Ghazali Bin Jakilan,22120,USNO,33
Sabah,N.67 Balung,Balung,3,Abu Bakar Bin Jambuan @ Omar,22121,GAGASAN,26
Sabah,N.67 Balung,Balung,4,Hamild @ Hamid Bin Awang,22122,BN,3524
Sabah,N.67 Balung,Balung,5,Cyril Aloysius,22123,LDP,67
Sabah,N.67 Balung,Balung,6,Andi Rus Diana Bt Andi Paladjareng,20304,WARISAN,2944
Sabah,N.67 Balung,Balung,7,Ariffin Bin Kassim Ibong,22125,PHRS,1213
Sabah,N.68 Apas,Apas,1,Nizam Bin Datuk Abu Bakar Titingan,20308,PN,6252
Sabah,N.68 Apas,Apas,2,Datuk Indal,22127,PCS,186
Sabah,N.68 Apas,Apas,3,Amrullah @ Ambrullah Bin Kamal,22128,WARISAN,4203
Sabah,N.68 Apas,Apas,4,Mohd Sayadi Bin Bakal,22129,USNO,83
Sabah,N.69 Sri Tanjong,Sri Tanjong,1,Wong Su Vui,22130,GAGASAN,117
Sabah,N.69 Sri Tanjong,Sri Tanjong,2,Lim Ting Khai,20314,LDP,276
Sabah,N.69 Sri Tanjong,Sri Tanjong,3,Ricky Pang Siau Chern,22132,PPRS,46
Sabah,N.69 Sri Tanjong,Sri Tanjong,4,Justin Wong Yung Bin,22133,WARISAN,11150
Sabah,N.69 Sri Tanjong,Sri Tanjong,5,Kour Ken-Keat,22134,PCS,80
Sabah,N.69 Sri Tanjong,Sri Tanjong,6,Yapp Yin Hoau,22135,PHRS,568
Sabah,N.69 Sri Tanjong,Sri Tanjong,7,Chung Yaw Vui,22136,BEBAS,52
Sabah,N.69 Sri Tanjong,Sri Tanjong,8,Fung Len Fui,18654,PN,2270
Sabah,N.70 Kukusan,Kukusan,1,Ismail Idris @ Pakcik.El,22138,USNO,80
Sabah,N.70 Kukusan,Kukusan,2,Taufik Bin Muin,22139,PCS,75
Sabah,N.70 Kukusan,Kukusan,3,Wong Jin Soon,22140,PHRS,796
Sabah,N.70 Kukusan,Kukusan,4,Rina Hj. Jainal,22141,WARISAN,2834
Sabah,N.70 Kukusan,Kukusan,5,Rosdiansa Bin Mohd Noor,22142,PPRS,34
Sabah,N.70 Kukusan,Kukusan,6,Chaya Binti Sulaiman,22143,BN,2824
Sabah,N.70 Kukusan,Kukusan,7,Lee Boon King,22144,GAGASAN,21
Sabah,N.71 Tanjung Batu,Tanjung Batu,1,Andi Muhammad Suryady Bin Bandy,5148,BN,4728
Sabah,N.71 Tanjung Batu,Tanjung Batu,2,Rudy Bin Nurdin,22146,PCS,130
Sabah,N.71 Tanjung Batu,Tanjung Batu,3,Kamshari @ Johari Ibrahim,22147,PPRS,79
Sabah,N.71 Tanjung Batu,Tanjung Batu,4,Zulkifli Bin Ahmad,22148,USNO,58
Sabah,N.71 Tanjung Batu,Tanjung Batu,5,Mohd Afsar Bin Abd Latif,22149,WARISAN,2605
Sabah,N.71 Tanjung Batu,Tanjung Batu,6,Asmari @ Nas Bin Udoh,22150,BEBAS,16
Sabah,N.72 Merotai,Merotai,1,Hafeezatul Halimah Binti Mohamad,22151,USNO,60
Sabah,N.72 Merotai,Merotai,2,Shim Nyat Yun,22152,LDP,30
Sabah,N.72 Merotai,Merotai,3,Sarifuddin Hata,22153,WARISAN,4058
Sabah,N.72 Merotai,Merotai,4,Abdullah Bin Palile,22154,PCS,86
Sabah,N.72 Merotai,Merotai,5,Mohamad Jalani Bin Chachu,22155,PN,2471
Sabah,N.72 Merotai,Merotai,6,Liew Yun Fah,15947,PHRS,1779
Sabah,N.73 Sebatik,Sebatik,1,Juhuran Bin Kalmin,22157,BEBAS,90
Sabah,N.73 Sebatik,Sebatik,2,Hassan A Gani Pg Amir,20327,WARISAN,2665
Sabah,N.73 Sebatik,Sebatik,3,Abdul Samat Bin Akui,22159,PCS,504
Sabah,N.73 Sebatik,Sebatik,4,Baharuddin Bin Basrie,22160,PPRS,140
Sabah,N.73 Sebatik,Sebatik,5,Datuk Hj Abd Muis Hj Picho,20326,PN,2143
Sabah,N.73 Sebatik,Sebatik,6,Hassan Bin Ibrahim,7655,USNO,253
Sabah,N.73 Sebatik,Sebatik,7,Mohd Balbir Bin Arjan,22163,BEBAS,183
