state,dun,area_name,ballot_order,name,candidate_uid,party,party_uid,votes
Selangor,N.01 Sungai Air Tawar,Sungai Air Tawar,1,Cikgu Zaidi Selamat,23176,PN,12,7024
Selangor,N.01 Sungai Air Tawar,Sungai Air Tawar,2,Datuk Haji Rizam Ismail,21249,BN,25,7870
Selangor,N.02 Sabak,Sabak,1,Cikgu Samad Bin Hashim,20606,PH,73,9216
Selangor,N.02 Sabak,Sabak,2,Ustaz Sallehen Mukhyi,3067,PN,12,13431
Selangor,N.03 Sungai Panjang,Sungai Panjang,1,Mohd Imran Bin Tamrin,21437,BN,25,13401
Selangor,N.03 Sungai Panjang,Sungai Panjang,2,Ustaz Razali Saari,21439,PN,12,16977
Selangor,N.04 Sekinchan,Sekinchan,1,Goh Gaik Meng,23182,PN,12,6214
Selangor,N.04 Sekinchan,Sekinchan,2,Ng Suee Lim,15601,PH,73,10232
Selangor,N.05 Hulu Bernam,Hulu Bernam,1,Haji Amran Sakir,21443,PH,73,10049
Selangor,N.05 Hulu Bernam,Hulu Bernam,2,Muiz Mahyuddin,23185,PN,12,10718
Selangor,N.06 Kuala Kubu Baharu,Kuala Kubu Baharu,1,Henry Teoh,23186,PN,12,10743
Selangor,N.06 Kuala Kubu Baharu,Kuala Kubu Baharu,2,Chng Boon Lai,23187,PRM,57,527
Selangor,N.06 Kuala Kubu Baharu,Kuala Kubu Baharu,3,Lee Kee Hiong,14038,PH,73,14862
Selangor,N.06 Kuala Kubu Baharu,Kuala Kubu Baharu,4,Dr Siva,23189,MUDA,94,1186
Selangor,N.07 Batang Kali,Batang Kali,1,Muhaimin Harith,23190,PN,12,32285
Selangor,N.07 Batang Kali,Batang Kali,2,Mohd Isa Bin Abu Kasim,18241,BN,25,29307
Selangor,N.08 Sungai Burong,Sungai Burong,1,Dr Zamri Mantop,21453,PN,12,15447
Selangor,N.08 Sungai Burong,Sungai Burong,2,Ustaz Khir,23193,BN,25,8605
Selangor,N.09 Permatang,Permatang,1,Pakya,20637,PH,73,11122
Selangor,N.09 Permatang,Permatang,2,Nurul Noh Omar,23195,PN,12,12850
Selangor,N.10 Bukit Melawati,Bukit Melawati,1,Thiban A/L Subbramaniam,23196,PH,73,13795
Selangor,N.10 Bukit Melawati,Bukit Melawati,2,Hj. Azley Yahya,23197,PN,12,14672
Selangor,N.11 Ijok,Ijok,1,Jefri Bin Mejan,21464,PN,12,12183
Selangor,N.11 Ijok,Ijok,2,Cikgu Amidi,23199,PH,73,11271
Selangor,N.11 Ijok,Ijok,3,Ck Tan,23200,BEBAS,1,194
Selangor,N.12 Jeram,Jeram,1,Jahaya Ibrahim,3425,BN,25,11333
Selangor,N.12 Jeram,Jeram,2,Harrison Bin Hassan,23202,PN,12,16731
Selangor,N.13 Kuang,Kuang,1,Hasnal Rezua Merican,23203,BN,25,13619
Selangor,N.13 Kuang,Kuang,2,Yb. Salleh Amiruddin,4782,BEBAS,1,1287
Selangor,N.13 Kuang,Kuang,3,Mohd Rafiq Abdullah,23205,PN,12,18494
Selangor,N.14 Rawang,Rawang,1,R. Rejean Kumar,23206,PN,12,13510
Selangor,N.14 Rawang,Rawang,2,Chua Wei Kiat,21474,PH,73,39168
Selangor,N.15 Taman Templer,Taman Templer,1,Aida Rahman,23208,MUDA,94,765
Selangor,N.15 Taman Templer,Taman Templer,2,Anfaal Saari,23209,PH,73,22247
Selangor,N.15 Taman Templer,Taman Templer,3,Zaidy Abdul Talib,19885,PN,12,21780
Selangor,N.16 Sungai Tua,Sungai Tua,1,Suman Gopal,19889,BEBAS,1,430
Selangor,N.16 Sungai Tua,Sungai Tua,2,Hanif Jamaluddin,23212,PN,12,14493
Selangor,N.16 Sungai Tua,Sungai Tua,3,Amirudin Shari,4785,PH,73,19678
Selangor,N.17 Gombak Setia,Gombak Setia,1,Mohamed Salim Bin Mohamed Ali,16249,BEBAS,1,1076
Selangor,N.17 Gombak Setia,Gombak Setia,2,Hilman Idham,21486,PN,12,30299
Selangor,N.17 Gombak Setia,Gombak Setia,3,Megat Zulkarnain Omardin,4788,BN,25,30241
Selangor,N.18 Hulu Kelang,Hulu Kelang,1,Azmin Ali,3428,PN,12,25597
Selangor,N.18 Hulu Kelang,Hulu Kelang,2,Juwairiya Zulkifli,21460,PH,73,23980
Selangor,N.19 Bukit Antarabangsa,Bukit Antarabangsa,1,Melanie Ting,23219,MUDA,94,1462
Selangor,N.19 Bukit Antarabangsa,Bukit Antarabangsa,2,Sasha Lyna,4795,PN,12,14492
Selangor,N.19 Bukit Antarabangsa,Bukit Antarabangsa,3,Kamri Kamaruddin,23221,PH,73,30772
Selangor,N.20 Lembah Jaya,Lembah Jaya,1,Syed Ahmad @ Altimet,23222,PH,73,26298
Selangor,N.20 Lembah Jaya,Lembah Jaya,2,Cikgu Sharifah,23223,PN,12,19620
Selangor,N.21 Pandan Indah,Pandan Indah,1,Lisa Redzuan,20707,MUDA,94,1166
Selangor,N.21 Pandan Indah,Pandan Indah,2,Fazil Mohamad Dali (Cikton),3792,PN,12,17287
Selangor,N.21 Pandan Indah,Pandan Indah,3,Sivaneswaran A/L Ramasundram,23226,BEBAS,1,171
Selangor,N.21 Pandan Indah,Pandan Indah,4,Izham Hashim,21500,PH,73,27878
Selangor,N.22 Teratai,Teratai,1,Chew Han Keai,23228,PN,12,10586
Selangor,N.22 Teratai,Teratai,2,Yew Jia Haur,23229,PH,73,42519
Selangor,N.23 Dusun Tua,Dusun Tua,1,Johan Abd Aziz,4802,BN,25,26755
Selangor,N.23 Dusun Tua,Dusun Tua,2,Al Hafiz Ikhwan,4582,MUDA,94,3110
Selangor,N.23 Dusun Tua,Dusun Tua,3,Azhar Hambali,23232,PN,12,23741
Selangor,N.24 Semenyih,Semenyih,1,Wan Zulaika Anua,23233,BN,25,35806
Selangor,N.24 Semenyih,Semenyih,2,Nushi Mahfodz,21520,PN,12,37068
Selangor,N.25 Kajang,Kajang,1,David Cheong,4923,PH,73,54794
Selangor,N.25 Kajang,Kajang,2,Allan Liew Sin Kim,23236,PN,12,20400
Selangor,N.25 Kajang,Kajang,3,Arul,19511,PSM,68,2681
Selangor,N.26 Sungai Ramal,Sungai Ramal,1,Shafie Ngah,4179,PN,12,40259
Selangor,N.26 Sungai Ramal,Sungai Ramal,2,Haji Mazwan Johar,21518,PH,73,32492
Selangor,N.27 Balakong,Balakong,1,Wayne Ong Chun Wei,23240,PH,73,54995
Selangor,N.27 Balakong,Balakong,2,Steven Lai,23241,PN,12,17163
Selangor,N.28 Seri Kembangan,Seri Kembangan,1,Ken Liau,23242,PN,12,3524
Selangor,N.28 Seri Kembangan,Seri Kembangan,2,Serdang Wong Jung Lik,23243,BEBAS,1,1229
Selangor,N.28 Seri Kembangan,Seri Kembangan,3,Wong Siew Ki,23244,PH,73,39684
Selangor,N.29 Seri Serdang,Seri Serdang,1,Amir Hadi,23245,MUDA,94,1834
Selangor,N.29 Seri Serdang,Seri Serdang,2,Mohd Shukor,376,PN,12,26659
Selangor,N.29 Seri Serdang,Seri Serdang,3,Abbas Azmi,23247,PH,73,37411
Selangor,N.30 Kinrara,Kinrara,1,Ng Sze Han,19925,PH,73,71290
Selangor,N.30 Kinrara,Kinrara,2,Wong Yong Kang,23249,PN,12,16755
Selangor,N.31 Subang Jaya,Subang Jaya,1,Michelle Ng Mei Sze,21532,PH,73,60364
Selangor,N.31 Subang Jaya,Subang Jaya,2,S.Gana,23251,PN,12,9173
Selangor,N.31 Subang Jaya,Subang Jaya,3,Zayd Shaukat,23252,MUDA,94,4749
Selangor,N.32 Seri Setia,Seri Setia,1,Harindran A/L Krishnan,23253,BEBAS,1,693
Selangor,N.32 Seri Setia,Seri Setia,2,Dobby Chew,23254,MUDA,94,1357
Selangor,N.32 Seri Setia,Seri Setia,3,Dr.Fahmi Ngah,23255,PH,73,32367
Selangor,N.32 Seri Setia,Seri Setia,4,Mohd Zubir Embong,3681,PN,12,21036
Selangor,N.33 Taman Medan,Taman Medan,1,Ahmad Akhir Pawan Chik,23257,PH,73,22286
Selangor,N.33 Taman Medan,Taman Medan,2,Dr. Afif Bahardin,4832,PN,12,22316
Selangor,N.34 Bukit Gasing,Bukit Gasing,1,Vkk Raja,23259,MUDA,94,1390
Selangor,N.34 Bukit Gasing,Bukit Gasing,2,Nallan Dhanabalan,23260,PN,12,3255
Selangor,N.34 Bukit Gasing,Bukit Gasing,3,Rajiv Rishyakaran,19937,PH,73,28227
Selangor,N.35 Kampung Tunku,Kampung Tunku,1,Ruby Chin,4900,PN,12,3367
Selangor,N.35 Kampung Tunku,Kampung Tunku,2,Lim Yi Wei,21545,PH,73,33745
Selangor,N.36 Bandar Utama,Bandar Utama,1,Jamaliah Binti Jamaluddin,21548,PH,73,39845
Selangor,N.36 Bandar Utama,Bandar Utama,2,Abe Lim,23265,MUDA,94,2496
Selangor,N.36 Bandar Utama,Bandar Utama,3,Aliff Taufid,23266,PN,12,4399
Selangor,N.37 Bukit Lanjan,Bukit Lanjan,1,Muniraa Abu Bakar,169,PN,12,15824
Selangor,N.37 Bukit Lanjan,Bukit Lanjan,2,Pei Ling,23268,PH,73,57051
Selangor,N.38 Paya Jaras,Paya Jaras,1,Dato' Dr Halim Tamuri,23269,PN,12,27627
Selangor,N.38 Paya Jaras,Paya Jaras,2,Khairuddin Othman,16944,PH,73,25541
Selangor,N.38 Paya Jaras,Paya Jaras,3,Sifu Linda,4825,BEBAS,1,245
Selangor,N.39 Kota Damansara,Kota Damansara,1,Izuan Kasim,23272,PH,73,34628
Selangor,N.39 Kota Damansara,Kota Damansara,2,Radzlan Jalaludin,23273,PN,12,28934
Selangor,N.39 Kota Damansara,Kota Damansara,3,Sivarajan,21558,PSM,68,895
Selangor,N.40 Kota Anggerik,Kota Anggerik,1,Sukri Omar,4173,PN,12,27636
Selangor,N.40 Kota Anggerik,Kota Anggerik,2,Najwan Halimi,21560,PH,73,38470
Selangor,N.40 Kota Anggerik,Kota Anggerik,3,Azad Akbar,20653,MUDA,94,2631
Selangor,N.41 Batu Tiga,Batu Tiga,1,Cheda Razak,23278,MUDA,94,1908
Selangor,N.41 Batu Tiga,Batu Tiga,2,Danial Al-Rashid,23279,PH,73,29064
Selangor,N.41 Batu Tiga,Batu Tiga,3,Rina Harun,4215,PN,12,25682
Selangor,N.42 Meru,Meru,1,Hasnizam Adham,23281,PN,12,23558
Selangor,N.42 Meru,Meru,2,Sivaranjani,23282,PSM,68,899
Selangor,N.42 Meru,Meru,3,Mariam Abdul Rashid,23283,PH,73,26980
Selangor,N.43 Sementa,Sementa,1,Afrishah Azizi,23284,PH,73,22261
Selangor,N.43 Sementa,Sementa,2,Ustaz Najhan Salleh,15668,PN,12,32300
Selangor,N.44 Selat Klang,Selat Klang,1,Datuk Abdul Rashid Bin Asari,4780,PN,12,25143
Selangor,N.44 Selat Klang,Selat Klang,2,Datuk Hj Mohd Roslee Bin Abd Hamid,23287,BN,25,16818
Selangor,N.44 Selat Klang,Selat Klang,3,Datuk Ezam Mohd Nor,4817,PRM,57,742
Selangor,N.45 Bandar Baru Klang,Bandar Baru Klang,1,Dr. Quah,23289,PH,73,53658
Selangor,N.45 Bandar Baru Klang,Bandar Baru Klang,2,Tan Seng Huat,2475,PN,12,7986
Selangor,N.46 Pelabuhan Klang,Pelabuhan Klang,1,Wan Hasrina Wan Hassan,16936,PN,12,16658
Selangor,N.46 Pelabuhan Klang,Pelabuhan Klang,2,Syed Ahmad Putra,23292,PRM,57,269
Selangor,N.46 Pelabuhan Klang,Pelabuhan Klang,3,Azmizam Zaman Huri,21582,PH,73,21889
Selangor,N.47 Pandamaran,Pandamaran,1,Tony Leong Tuck Chee,21586,PH,73,46999
Selangor,N.47 Pandamaran,Pandamaran,2,B.Gunalan,23295,PN,12,6701
Selangor,N.47 Pandamaran,Pandamaran,3,Tan Kang Yap,20527,PRM,57,479
Selangor,N.48 Sentosa,Sentosa,1,Gunaraj G,21588,PH,73,54601
Selangor,N.48 Sentosa,Sentosa,2,Parameswaran A/L Ganason,23298,PN,12,8252
Selangor,N.48 Sentosa,Sentosa,3,Teacher Thanusha,23299,MUDA,94,2357
Selangor,N.48 Sentosa,Sentosa,4,Jeichandran A/L Wadivelu,21576,PRM,57,156
Selangor,N.49 Sungai Kandis,Sungai Kandis,1,Ustaz Zawawi Mughni,3697,PH,73,28759
Selangor,N.49 Sungai Kandis,Sungai Kandis,2,Wan Dzahanurin Ahmad,23302,PN,12,28926
Selangor,N.49 Sungai Kandis,Sungai Kandis,3,Afriena Shaqira,23303,MUDA,94,1341
Selangor,N.50 Kota Kemuning,Kota Kemuning,1,Preakas Sampunathan,23304,PH,73,41254
Selangor,N.50 Kota Kemuning,Kota Kemuning,2,Jimmy Chew Jyh Gang,4814,PN,12,16966
Selangor,N.50 Kota Kemuning,Kota Kemuning,3,Cikgu Sekar,23306,PRM,57,651
Selangor,N.51 Sijangkang,Sijangkang,1,Dr Ahmad Yunus,4856,PN,12,30422
Selangor,N.51 Sijangkang,Sijangkang,2,Al-Hafizi,23308,BN,25,19114
Selangor,N.52 Banting,Banting,1,Ang Wei Yang,23309,BEBAS,1,1439
Selangor,N.52 Banting,Banting,2,Saravanan A/L Mutto Krishnan,23310,PN,12,5121
Selangor,N.52 Banting,Banting,3,Papparaidu Veraman,23311,PH,73,27223
Selangor,N.53 Morib,Morib,1,Rosnizan Bin Ahmad,4957,PN,12,18936
Selangor,N.53 Morib,Morib,2,Hj Hasnul Baharuddin,19993,PH,73,15093
Selangor,N.54 Tanjong Sepat,Tanjong Sepat,1,Sabirin Bin Marsono,4203,PN,12,11336
Selangor,N.54 Tanjong Sepat,Tanjong Sepat,2,Borhan Bin Aman Shah,334,PH,73,13860
Selangor,N.55 Dengkil,Dengkil,1,Prof Darren Ong,23316,PSM,68,1782
Selangor,N.55 Dengkil,Dengkil,2,Noorazli Bin Said,23317,BN,25,33184
Selangor,N.55 Dengkil,Dengkil,3,Mohd Daud Leong,4860,PUR,98,668
Selangor,N.55 Dengkil,Dengkil,4,Datuk Seri Jamil Salleh,23319,PN,12,33565
Selangor,N.56 Sungai Pelek,Sungai Pelek,1,Dato Suhaimi Ghazali,23320,PN,12,16526
Selangor,N.56 Sungai Pelek,Sungai Pelek,2,Lwi Kian Keong,23321,PH,73,17984
Selangor,N.56 Sungai Pelek,Sungai Pelek,3,Nageswaran Ravi,4865,BEBAS,1,230
