state,parlimen,area_name,ballot_order,name,candidate_uid,party,votes
Perlis,P.001 Padang Besar,Padang Besar,1,Dato' Haji Azmi Bin Khalid,2289,BN,14386
Perlis,P.001 Padang Besar,Padang Besar,2,Mohd Anuar Bin Mohd Tahir,2590,PKR,9867
Perlis,P.002 Kangar,Kangar,1,Tan Sri Hamid,2591,BN,16529
Perlis,P.002 Kangar,Kangar,2,Cik Gu Zainul Abidin Bin Yahaya,2592,PAS,12480
Perlis,P.003 Arau,Arau,1,Hajjah Mastika Junaidah Bt Husin,2593,BN,15297
Perlis,P.003 Arau,Arau,2,Dr. Abd. Aziz Bin Hanafi,2594,PAS,13711
Kedah,P.004 Langkawi,Langkawi,1,Ir. Hj. Amiruddin B. Hj. Hamzah,2595,PAS,5802
Kedah,P.004 Langkawi,Langkawi,2,Dato' Abu Bakar Bin Taib,2596,BN,12349
Kedah,P.005 Jerlun,Jerlun,1,Ismail Bin Taib,2597,BN,16724
Kedah,P.005 Jerlun,Jerlun,2,Ustaz Drs. Hj. Abu Bakar Hj Othman,2598,PAS,17104
Kedah,P.006 Kubang Pasu,Kubang Pasu,1,Subky Abd. Latif,1988,PAS,12261
Kedah,P.006 Kubang Pasu,Kubang Pasu,2,Dr. Mahathir Bin Mohamad,375,BN,22399
Kedah,P.007 Padang Terap,Padang Terap,1,Hj Othman Bin Hj Ismail,2599,BN,11165
Kedah,P.007 Padang Terap,Padang Terap,2,Zawawi Bin Hj. Ahmad,2600,PAS,12218
Kedah,P.008 Pokok Sena,Pokok Sena,1,Hj. Mahfuz Bin Hj. Omar,2601,PAS,27466
Kedah,P.008 Pokok Sena,Pokok Sena,2,Wan Hanafiah Bin Wan Mat Saman,1980,BN,23829
Kedah,P.009 Alor Setar,Alor Setar,1,Chor Chee Heung,1981,BN,27847
Kedah,P.009 Alor Setar,Alor Setar,2,George John A/L K.M. George,1377,DAP,13258
Kedah,P.010 Kuala Kedah,Kuala Kedah,1,Haji Mohamad Sabu,2602,PAS,23548
Kedah,P.010 Kuala Kedah,Kuala Kedah,2,Dr Fauzi Bin Haji Abdul Hamid,2603,BN,22557
Kedah,P.011 Pendang,Pendang,1,Dato' Haji Othman Bin Haji Abdul,2604,BN,19474
Kedah,P.011 Pendang,Pendang,2,Dato Haji Fadzil Noor,2605,PAS,22413
Kedah,P.012 Yan,Yan,1,Ustaz Nasharudin Bin Mat Isa,2606,PAS,16041
Kedah,P.012 Yan,Yan,2,Dato Hj. Badruddin B. Amiruldin,2607,BN,15859
Kedah,P.013 Sik,Sik,1,Dato' Shahnon Ahmad,2608,PAS,13546
Kedah,P.013 Sik,Sik,2,Dato' Paduka Dr. Hj. Abdul Hamid Othman,2609,BN,13211
Kedah,P.014 Merbok,Merbok,1,Daim Zainuddin,1990,BN,30285
Kedah,P.014 Merbok,Merbok,2,Mocktar Mansor,2610,PKR,14909
Kedah,P.015 Sungai Petani,Sungai Petani,1,Johari Bin Abdul,2611,PKR,19742
Kedah,P.015 Sungai Petani,Sungai Petani,2,Mahadzir Bin Mohd. Khir,2612,BN,31875
Kedah,P.016 Baling,Baling,1,Ustaz Taib Azamudden Bin Md. Taib,2613,PAS,21468
Kedah,P.016 Baling,Baling,2,Bahador Shah Bin Md. Isa,2614,BN,20074
Kedah,P.017 Padang Serai,Padang Serai,1,Saifuddin Nasution Bin Ismail,2615,PKR,18023
Kedah,P.017 Padang Serai,Padang Serai,2,Lim Bee Kau,2616,BN,27395
Kedah,P.018 Kulim-Bandar Baharu,Kulim-Bandar Baharu,1,Dato' Abdul Kadir B. Hj. Sheikh Fadzir,1117,BN,20764
Kedah,P.018 Kulim-Bandar Baharu,Kulim-Bandar Baharu,2,Dato' Syeikh Azmi Bin Ahmad,2617,PKR,12697
Kelantan,P.019 Tumpat,Tumpat,1,Hj. Noor Zahidi Omar (Haji Di),2618,BN,12776
Kelantan,P.019 Tumpat,Tumpat,2,Dato Hj. Kamaruddin Jaffar,2619,PAS,23218
Kelantan,P.020 Pengkalan Chepa,Pengkalan Chepa,1,Ustaz Mohd Noor Bin Deris,2620,BN,7820
Kelantan,P.020 Pengkalan Chepa,Pengkalan Chepa,2,Mohd Amar Bin Abdullah @ Nik Amar,2621,PAS,23765
Kelantan,P.021 Kota Bharu,Kota Bharu,1,Hajjah Ilani Dato' Hj. Isahak,2622,BN,16517
Kelantan,P.021 Kota Bharu,Kota Bharu,2,Ustaz Ramli,2623,PKR,26723
Kelantan,P.021 Kota Bharu,Kota Bharu,3,Mohd Din Bin Nizam Din,2624,BERJASA,409
Kelantan,P.022 Pasir Mas,Pasir Mas,1,Ustaz Hj. Ismail B. Noh,2625,PAS,23967
Kelantan,P.022 Pasir Mas,Pasir Mas,2,Dato' Haji Ibrahim Ali,2626,BN,15392
Kelantan,P.023 Rantau Panjang,Rantau Panjang,1,Wan Mohd Fuaad Bin Wan Abdullah,2422,BN,11146
Kelantan,P.023 Rantau Panjang,Rantau Panjang,2,Haji Abdul Fatah Bin Haji Haron,2627,PAS,19711
Kelantan,P.024 Kubang Kerian,Kubang Kerian,1,Siti Jeliha @ Ustaza Zaleha Hussin,2628,BN,9293
Kelantan,P.024 Kubang Kerian,Kubang Kerian,2,Haji Husam Haji Musa,2629,PAS,25384
Kelantan,P.025 Bachok,Bachok,1,Cikgu Wan Nik,2630,PAS,24637
Kelantan,P.025 Bachok,Bachok,2,Dr. Azaki Bin Ishak,2631,BN,14820
Kelantan,P.026 Peringat,Peringat,1,Muhammad Bin Mustafa,2632,PKR,19481
Kelantan,P.026 Peringat,Peringat,2,Annuar Bin Musa,2325,BN,14956
Kelantan,P.027 Tanah Merah,Tanah Merah,1,Haji Saupi Haji Daud,2633,PKR,18559
Kelantan,P.027 Tanah Merah,Tanah Merah,2,Datok Hashim Safin,2634,BN,13901
Kelantan,P.028 Pasir Puteh,Pasir Puteh,1,Alwi B. Jusoh @ Ustaz Alwi,2635,PAS,25373
Kelantan,P.028 Pasir Puteh,Pasir Puteh,2,Kamarudin B. Md. Nor,2330,BN,16962
Kelantan,P.028 Pasir Puteh,Pasir Puteh,3,Hasim B. Othman @ Abang Hasim,2636,AKIM,274
Kelantan,P.029 Machang,Machang,1,Mohd Yusoff @ Yusof Bin Mohd Nor @ Yusof Nor,2637,PAS,20010
Kelantan,P.029 Machang,Machang,2,Dato Hj. Shukri Mohamed,2638,BN,13091
Kelantan,P.030 Jeli,Jeli,1,Mustapa Bin Mohamed @ Dato' Pa,2639,BN,14830
Kelantan,P.030 Jeli,Jeli,2,Mohd. Apandi Bin Hj. Mohamad @ Haji Nasir Haji Mat,2640,PAS,15523
Kelantan,P.031 Kuala Krai,Kuala Krai,1,Mohd Nasir,2641,PAS,16837
Kelantan,P.031 Kuala Krai,Kuala Krai,2,Dr. Nik Hussain,1134,BN,12765
Kelantan,P.032 Gua Musang,Gua Musang,1,Tengku Razaleigh B. Tengku Mohd Hamzah,872,BN,12825
Kelantan,P.032 Gua Musang,Gua Musang,2,Razak Bin Abas @ Abe Jak,2642,PAS,9900
Terengganu,P.033 Besut,Besut,1,Dato' Dr. Mohd Yusof Noor,2027,BN,16109
Terengganu,P.033 Besut,Besut,2,Hassan Bin Mohamed,1750,PAS,19166
Terengganu,P.033 Besut,Besut,3,Wan Ahmad Bin Wan Omar,2643,BEBAS,175
Terengganu,P.034 Setiu,Setiu,1,Che Ghani Bin Che Ambak,2644,PAS,18477
Terengganu,P.034 Setiu,Setiu,2,Tengku Mahmud Bin Mansor,2029,BN,15457
Terengganu,P.035 Kuala Nerus,Kuala Nerus,1,Abdul Rahin Bin Dato' Mohd Said,2645,BN,14530
Terengganu,P.035 Kuala Nerus,Kuala Nerus,2,Cikgu Shukrimun Bin Shamsudin,2646,PAS,21608
Terengganu,P.036 Kuala Terengganu,Kuala Terengganu,1,Dr. Syed Azman Bin Syed Ahmad,2647,PAS,31580
Terengganu,P.036 Kuala Terengganu,Kuala Terengganu,2,Dato' Abu Bakar Bin Daud,2648,BN,17132
Terengganu,P.037 Marang,Marang,1,Dato' Haji Muda Bin Mamat,2649,BN,17483
Terengganu,P.037 Marang,Marang,2,Tuan Guru Hj. Abdul Hadi Bin Awang,1712,PAS,30183
Terengganu,P.038 Hulu Terengganu,Hulu Terengganu,1,Othman Bin Daud,2650,BN,13679
Terengganu,P.038 Hulu Terengganu,Hulu Terengganu,2,Haji Muhyidin Bin Haji Abdul Rashid,2651,PAS,17790
Terengganu,P.039 Dungun,Dungun,1,Haji Mustaffa Bin Ali,2038,PAS,22248
Terengganu,P.039 Dungun,Dungun,2,Dato' Ibrahim Bin Awang,2652,BN,14130
Terengganu,P.040 Kemaman,Kemaman,1,Haji Abd. Rahman Bin Yusof,2653,PKR,20715
Terengganu,P.040 Kemaman,Kemaman,2,Dato' Wan Zaki Bin Wan Muda,2654,BN,19180
Pulau Pinang,P.041 Kepala Batas,Kepala Batas,1,Dato' Seri Abdullah Haji Ahmad Badawi,2655,BN,19985
Pulau Pinang,P.041 Kepala Batas,Kepala Batas,2,Abd. Khalid Bin Rasid,2656,PAS,8810
Pulau Pinang,P.042 Tasek Gelugor,Tasek Gelugor,1,Dato' Seri Mohd. Shariff Haji Omar,2657,BN,16936
Pulau Pinang,P.042 Tasek Gelugor,Tasek Gelugor,2,Haji Rosli,2658,PKR,12700
Pulau Pinang,P.043 Bagan,Bagan,1,Lim Hock Seng,2044,DAP,27757
Pulau Pinang,P.043 Bagan,Bagan,2,Tan Tiao Kuen,2659,BN,24999
Pulau Pinang,P.044 Permatang Pauh,Permatang Pauh,1,Dr. Wan Azizah Wan Ismail,4901,PKR,23820
Pulau Pinang,P.044 Permatang Pauh,Permatang Pauh,2,Dr. Ibrahim Saad,2660,BN,14743
Pulau Pinang,P.045 Bukit Mertajam,Bukit Mertajam,1,Chong Eng,2661,DAP,26874
Pulau Pinang,P.045 Bukit Mertajam,Bukit Mertajam,2,Dr Tan Chong Keng,2047,BN,23937
Pulau Pinang,P.046 Nibong Tebal,Nibong Tebal,1,Dr Kang Chin Seng,2662,BN,18876
Pulau Pinang,P.046 Nibong Tebal,Nibong Tebal,2,Haji Abdul Rahman Bin Haji Manap,2663,BEBAS,942
Pulau Pinang,P.046 Nibong Tebal,Nibong Tebal,3,Goh Kheng Huat,2664,DAP,20732
Pulau Pinang,P.047 Bukit Bendera,Bukit Bendera,1,Lim Kit Siang,698,DAP,24176
Pulau Pinang,P.047 Bukit Bendera,Bukit Bendera,2,Chia Kwang Chye,2355,BN,24280
Pulau Pinang,P.048 Tanjong,Tanjong,1,Chow Kon Yeow,2665,DAP,23437
Pulau Pinang,P.048 Tanjong,Tanjong,2,Cheang Chee Gooi,2666,BN,18960
Pulau Pinang,P.049 Jelutong,Jelutong,1,Lee Kah Choon,2667,BN,21491
Pulau Pinang,P.049 Jelutong,Jelutong,2,Karpal Singh A/L Ram Singh,848,DAP,20716
Pulau Pinang,P.050 Bayan Baru,Bayan Baru,1,Zulkifli Mohd. Noor,2668,DAP,26281
Pulau Pinang,P.050 Bayan Baru,Bayan Baru,2,Wong Kam Hoong,2359,BN,35762
Pulau Pinang,P.051 Balik Pulau,Balik Pulau,1,Dato Mohd. Zain B. Hj. Omar,2669,BN,27901
Pulau Pinang,P.051 Balik Pulau,Balik Pulau,2,Mansor Bin Othman,1253,PKR,18467
Perak,P.052 Gerik,Gerik,1,Khansiyah @ Khamsiah Binti Yeop,2670,BN,15297
Perak,P.052 Gerik,Gerik,2,Zulkalpely @ Zulkifli Abu,2671,PAS,9122
Perak,P.053 Larut,Larut,1,Dato' Raja Ahmad Zainuddin Bin Raja Haji Omar,2672,BN,14334
Perak,P.053 Larut,Larut,2,Dr Muhammad Nor Manuty,2673,PKR,10325
Perak,P.054 Parit Buntar,Parit Buntar,1,Dato' Dr Hasan Mohd Ali,2674,PAS,15931
Perak,P.054 Parit Buntar,Parit Buntar,2,Dato' Abdul Raman Suliman,2675,BN,13837
Perak,P.055 Bagan Serai,Bagan Serai,1,Dato' Zainal Abidin Zin,2676,BN,15088
Perak,P.055 Bagan Serai,Bagan Serai,2,Ustaz Ahmad Awang,2677,PAS,13504
Perak,P.056 Bukit Gantang,Bukit Gantang,1,Roslan Bin Shaharum,2678,PAS,16083
Perak,P.056 Bukit Gantang,Bukit Gantang,2,Dato' Dr . Abdullah Fadzil Bin Che Wan,2679,BN,21184
Perak,P.057 Taiping,Taiping,1,Kerk Choo Ting,2068,BN,24531
Perak,P.057 Taiping,Taiping,2,Dr. Lim Kean Ghee,2680,DAP,20562
Perak,P.057 Taiping,Taiping,3,Ng Hoe Hun,626,MDP,637
Perak,P.058 Chenderoh,Chenderoh,1,Hj Hamzah B Mohd Zain,2681,PKR,9384
Perak,P.058 Chenderoh,Chenderoh,2,Datuk Mohamed Nazri B Abdul Aziz,2682,BN,13374
Perak,P.059 Sungai Siput,Sungai Siput,1,Mohd Asri,2683,MDP,565
Perak,P.059 Sungai Siput,Sungai Siput,2,Dr. Kumar,2684,DAP,12221
Perak,P.059 Sungai Siput,Sungai Siput,3,S. Samy Vellu,1172,BN,17480
Perak,P.060 Tambun,Tambun,1,Doktor Haji Khairuddin Bin Dato' Abd Malik,2685,PAS,17511
Perak,P.060 Tambun,Tambun,2,Haji Husni Hanadziah,2686,BN,24595
Perak,P.061 Ipoh Timor,Ipoh Timor,1,Mohd Yusoff Omar,2687,MDP,427
Perak,P.061 Ipoh Timor,Ipoh Timor,2,Thong Fah Chong,2688,BN,25273
Perak,P.061 Ipoh Timor,Ipoh Timor,3,Ngeh Koo Ham,2081,DAP,23146
Perak,P.062 Ipoh Barat,Ipoh Barat,1,Jaga N. Nathan,2689,MDP,215
Perak,P.062 Ipoh Barat,Ipoh Barat,2,Ho Cheong Sing,2375,BN,25155
Perak,P.062 Ipoh Barat,Ipoh Barat,3,M. Kulasegaran,2690,DAP,21477
Perak,P.063 Batu Gajah,Batu Gajah,1,Yeong Chee Wah,2376,BN,17796
Perak,P.063 Batu Gajah,Batu Gajah,2,Yang Kar Ming,2691,MDP,186
Perak,P.063 Batu Gajah,Batu Gajah,3,Fong Po Kuan,2692,DAP,19867
Perak,P.064 Kuala Kangsar,Kuala Kangsar,1,Rafidah Aziz,1228,BN,12074
Perak,P.064 Kuala Kangsar,Kuala Kangsar,2,Hj. Asmuni B. Awi,2693,PAS,9300
Perak,P.065 Beruas,Beruas,1,Abdul Roni,2694,MDP,457
Perak,P.065 Beruas,Beruas,2,Yew Teong Chong,2695,DAP,12801
Perak,P.065 Beruas,Beruas,3,Dato Seri Dr Lim Keng Yaik,2696,BN,14256
Perak,P.066 Parit,Parit,1,Ustaz Haji Mat Basir Bin Rahmat,2697,PAS,12003
Perak,P.066 Parit,Parit,2,Megat Junid Bin Megat Ayob,1467,BN,10710
Perak,P.067 Gopeng,Gopeng,1,Abd. Rahman B. Said Alli,2698,DAP,14848
Perak,P.067 Gopeng,Gopeng,2,Syed Ahmad Imdadz B. Said Abas,2699,MDP,829
Perak,P.067 Gopeng,Gopeng,3,Ting Chew Peh,2700,BN,21254
Perak,P.068 Kampar,Kampar,1,Hew See Tong,2087,BN,23030
Perak,P.068 Kampar,Kampar,2,Loh Peng Lam,2701,DAP,15567
Perak,P.069 Tapah,Tapah,1,S. Veerasingam,2702,BN,14945
Perak,P.069 Tapah,Tapah,2,Kamarudin Bin Awang Teh,2073,PKR,9306
Perak,P.070 Pasir Salak,Pasir Salak,1,Ramli Ngah Talib,2703,BN,16792
Perak,P.070 Pasir Salak,Pasir Salak,2,Hj. Osman Abdul Rahman,2704,PKR,11747
Perak,P.071 Lumut,Lumut,1,Zaman Huri Haji Samsudin,2705,PKR,20056
Perak,P.071 Lumut,Lumut,2,Keng Cho Ha,2706,BN,20661
Perak,P.072 Bagan Datok,Bagan Datok,1,Datuk Ahmad Zahid Hamidi,2707,BN,12938
Perak,P.072 Bagan Datok,Bagan Datok,2,Mohamad Dahalan B. Arshad,2708,PKR,8321
Perak,P.073 Telok Intan,Telok Intan,1,Mah Siew Keong,2709,BN,18576
Perak,P.073 Telok Intan,Telok Intan,2,Raj Nallaiya,2710,DAP,15793
Perak,P.074 Tanjong Malim,Tanjong Malim,1,Ng Lum Yong,2711,PKR,10928
Perak,P.074 Tanjong Malim,Tanjong Malim,2,Loke Yuen Yow,1768,BN,22150
Pahang,P.075 Lipis,Lipis,1,Kamaludin Bin Abd. Rahman,2712,PAS,10560
Pahang,P.075 Lipis,Lipis,2,Amihamzah Bin Ahmad,2713,BN,16916
Pahang,P.076 Raub,Raub,1,Dato Dr Ng Yen Yen,2714,BN,20457
Pahang,P.076 Raub,Raub,2,Ng Kwi Ling,2399,DAP,14593
Pahang,P.077 Jurantut,Jurantut,1,Tengku Azlan Ibni Sultan Abu Bakar,2411,BN,16424
Pahang,P.077 Jurantut,Jurantut,2,Syed Ibrahim Bin Syed Abd Rahman,1477,PAS,14961
Pahang,P.078 Kuantan,Kuantan,1,Tan Sri Haji Khalil Yaakob,2715,BN,28479
Pahang,P.078 Kuantan,Kuantan,2,Fuziah Salleh,2716,PKR,21136
Pahang,P.079 Paya Besar,Paya Besar,1,Wan Jusoh Wan Kolok,2717,PKR,17186
Pahang,P.079 Paya Besar,Paya Besar,2,Dato' Dr. Siti Zaharah Sulaiman,2104,BN,20749
Pahang,P.080 Pekan,Pekan,1,Dato' Sri Najib Tun Razak,1216,BN,13148
Pahang,P.080 Pekan,Pekan,2,Ustaz Haji Ramli Bin Mohamed,2718,PAS,12907
Pahang,P.081 Maran,Maran,1,Tengku Puji Tengku Abd. Hamid,1484,PAS,14511
Pahang,P.081 Maran,Maran,2,Dato' Haji Muhamad Bin Haji Abdullah,176,BN,18259
Pahang,P.082 Mentekab,Mentekab,1,Fu Ah Kiow,2141,BN,18499
Pahang,P.082 Mentekab,Mentekab,2,Leong Mee Meng,2719,DAP,11975
Pahang,P.083 Bentung,Bentung,1,Abdul Wahab Bin Sudin,2720,PKR,12389
Pahang,P.083 Bentung,Bentung,2,Liow Tiong Lai,2721,BN,23104
Pahang,P.084 Temerluh,Temerluh,1,Dato' Haji Mohd. Sarit B. Haji Yusoh,2722,BN,19379
Pahang,P.084 Temerluh,Temerluh,2,Dr. Abdul Wahab Ismail,2723,PAS,19166
Pahang,P.085 Rompin,Rompin,1,Mazlan Bin Mohamed Yasin,2724,PAS,9879
Pahang,P.085 Rompin,Rompin,2,Dato' Dr. Jamaludin Bin Jarjis,2725,BN,15907
Selangor,P.086 Sabak Bernam,Sabak Bernam,1,Dato' Hj. Zainal B. Dahalan,2726,BN,11809
Selangor,P.086 Sabak Bernam,Sabak Bernam,2,Dr. Ghazali B. Basri,2727,PKR,10908
Selangor,P.087 Tanjung Karang,Tanjung Karang,1,Dr. Md. Yusoff B. Abd. Wahab,2728,PAS,13766
Selangor,P.087 Tanjung Karang,Tanjung Karang,2,Haji Noh Bin Haji Omar,2729,BN,15841
Selangor,P.088 Hulu Selangor,Hulu Selangor,1,Dr. Halili Bin Rahmat,2730,PKR,13548
Selangor,P.088 Hulu Selangor,Hulu Selangor,2,Dato' G. Palanivel,2731,BN,22143
Selangor,P.089 Kuala Selangor,Kuala Selangor,1,Mohamed Sayuti Bin Said,2732,BN,23610
Selangor,P.089 Kuala Selangor,Kuala Selangor,2,Mohd Norman Bin Hj. Toha,2733,PAS,13690
Selangor,P.090 Selayang,Selayang,1,Zaitun Mohd Kasim,2734,DAP,26144
Selangor,P.090 Selayang,Selayang,2,Dato' Chan Kong Choy,2735,BN,34979
Selangor,P.091 Gombak,Gombak,1,Datin Paduka Hjh Zaleha Bt Ismail,2736,BN,28113
Selangor,P.091 Gombak,Gombak,2,Dr. Hatta Ramli,2737,PAS,27310
Selangor,P.092 Ampang Jaya,Ampang Jaya,1,Ong Tee Keat,2119,BN,40669
Selangor,P.092 Ampang Jaya,Ampang Jaya,2,Sivarasa A/L K. Rasiah,2738,PKR,32902
Selangor,P.093 Hulu Langat,Hulu Langat,1,Dr. Mohd Nor Nawawi,2739,PKR,24152
Selangor,P.093 Hulu Langat,Hulu Langat,2,Badrul Hisham Bin Abdul Aziz,2424,BN,28018
Selangor,P.094 PJ Utara,PJ Utara,1,Ronnie Liu Tian Khew,2740,DAP,23122
Selangor,P.094 PJ Utara,PJ Utara,2,Chew Mei Fun,2741,BN,25603
Selangor,P.094 PJ Utara,PJ Utara,3,Wee Chek Aik,2742,MDP,706
Selangor,P.095 PJ Selatan,PJ Selatan,1,Dr. Syed Husin Ali,2134,PRM,20736
Selangor,P.095 PJ Selatan,PJ Selatan,2,Donald Lim Siang Chai,2743,BN,24581
Selangor,P.095 PJ Selatan,PJ Selatan,3,S. Selvanathan,2744,BEBAS,457
Selangor,P.096 Serdang,Serdang,1,Dato' Yap Pian Hon,2745,BN,37210
Selangor,P.096 Serdang,Serdang,2,Dr Wong Ang Peng,2746,DAP,33111
Selangor,P.097 Subang,Subang,1,Irene Fernandez,2747,PKR,28985
Selangor,P.097 Subang,Subang,2,Tan Sri Dato' Dr. K.S. Nijhar,2748,BN,36137
Selangor,P.098 Shah Alam,Shah Alam,1,Ezam Mohd. Nor,2749,PKR,34411
Selangor,P.098 Shah Alam,Shah Alam,2,Dato' Ir. Hj. Mohd. Zin Bin Mohamed,2750,BN,35851
Selangor,P.099 Kapar,Kapar,1,Dr. Dzulkefly B Ahmad,2751,PAS,24970
Selangor,P.099 Kapar,Kapar,2,P. Komala Devi,2752,BN,27830
Selangor,P.099 Kapar,Kapar,3,N. Tamilarasan @ Kim Chai,2753,BEBAS,2112
Selangor,P.100 Klang,Klang,1,Dr. Tan Yee Kew,2125,BN,30201
Selangor,P.100 Klang,Klang,2,Tan Siow Eng,2754,MDP,570
Selangor,P.100 Klang,Klang,3,Teng Chang Khim,2451,DAP,24528
Selangor,P.101 Kuala Langat,Kuala Langat,1,Dato' Dr Hj Shafie B Hj Mohd Salleh,2755,BN,24878
Selangor,P.101 Kuala Langat,Kuala Langat,2,Hj Saari Hj Sungib,2756,PKR,16858
Selangor,P.102 Sepang,Sepang,1,Mohamad Makki Bin Ahmad,2757,PAS,15907
Selangor,P.102 Sepang,Sepang,2,Seripah Noli Binti Syed Hussin,2439,BN,23069
W.P. Kuala Lumpur,P.103 Kepong,Kepong,1,Dr Tan Seng Giaw,1238,DAP,25085
W.P. Kuala Lumpur,P.103 Kepong,Kepong,2,Mano,2758,BEBAS,1003
W.P. Kuala Lumpur,P.103 Kepong,Kepong,3,Ma Woei Chyi,2759,BN,23319
W.P. Kuala Lumpur,P.104 Batu,Batu,1,Ng Lip Yong,2760,BN,22639
W.P. Kuala Lumpur,P.104 Batu,Batu,2,Dr. Sanusi B. Osman,2761,PRM,20342
W.P. Kuala Lumpur,P.105 Wangsa Maju,Wangsa Maju,1,Dato' Haji Zulhasnan Rafique,2762,BN,29997
W.P. Kuala Lumpur,P.105 Wangsa Maju,Wangsa Maju,2,Puan Hjh. Marina Bt. Mohd. Yusoff,2763,PKR,24379
W.P. Kuala Lumpur,P.106 Segambut,Segambut,1,Tan Kee Kwong,2447,BN,24926
W.P. Kuala Lumpur,P.106 Segambut,Segambut,2,M. Manoharan,2764,DAP,16338
W.P. Kuala Lumpur,P.107 Titiwangsa,Titiwangsa,1,Mohamad Noor Bin Mohamed,2765,PAS,17111
W.P. Kuala Lumpur,P.107 Titiwangsa,Titiwangsa,2,Dato' Dr. Suleiman Mohamed,2137,BN,18624
W.P. Kuala Lumpur,P.108 Bukit Bintang,Bukit Bintang,1,Dr. Lee Chong Meng,2450,BN,17981
W.P. Kuala Lumpur,P.108 Bukit Bintang,Bukit Bintang,2,Lim Peng Soon,2766,BEBAS,198
W.P. Kuala Lumpur,P.108 Bukit Bintang,Bukit Bintang,3,Fong Kui Lun,2128,DAP,19115
W.P. Kuala Lumpur,P.109 Lembah Pantai,Lembah Pantai,1,Shahrizat Binti Abdul Jalil,2767,BN,18726
W.P. Kuala Lumpur,P.109 Lembah Pantai,Lembah Pantai,2,Zainur Bin Zakaria,2768,PKR,17272
W.P. Kuala Lumpur,P.110 Seputeh,Seputeh,1,Liew Ah Kim,1461,MDP,457
W.P. Kuala Lumpur,P.110 Seputeh,Seputeh,2,Teresa Kok,2769,DAP,28657
W.P. Kuala Lumpur,P.110 Seputeh,Seputeh,3,M. Thurai,2770,BEBAS,134
W.P. Kuala Lumpur,P.110 Seputeh,Seputeh,4,Dr. Sua Chong Keh,2771,BN,23457
W.P. Kuala Lumpur,P.111 Cheras,Cheras,1,Lee Boon Kok,2772,BN,18587
W.P. Kuala Lumpur,P.111 Cheras,Cheras,2,Tan Kok Wai,1825,DAP,27579
W.P. Kuala Lumpur,P.112 Bandar Tun Razak,Bandar Tun Razak,1,Datuk Tan Chai Ho,2773,BN,22273
W.P. Kuala Lumpur,P.112 Bandar Tun Razak,Bandar Tun Razak,2,Dr. Chandra Muzaffar,2774,PKR,21049
Negeri Sembilan,P.113 Jelebu,Jelebu,1,Ustaz Hj. Jaafar Bin Muhammad,2775,PKR,9909
Negeri Sembilan,P.113 Jelebu,Jelebu,2,Dato' Dr. Rais Yatim,991,BN,17028
Negeri Sembilan,P.114 Jempol,Jempol,1,Ustaz Hj Abd. Rahim B. Hj Yusof,2776,PAS,11808
Negeri Sembilan,P.114 Jempol,Jempol,2,Dato Hj Khalid Yunus,2777,BN,23727
Negeri Sembilan,P.115 Tampin,Tampin,1,Shaziman Bin Abu Mansor,2778,BN,21944
Negeri Sembilan,P.115 Tampin,Tampin,2,Hamdan Bin Hashim,2779,PAS,11965
Negeri Sembilan,P.116 Kuala Pilah,Kuala Pilah,1,Dato' Napsiah Binti Omar,2780,BN,16494
Negeri Sembilan,P.116 Kuala Pilah,Kuala Pilah,2,Haji Ruslan B Haji Kasim,2781,PKR,13676
Negeri Sembilan,P.117 Seremban,Seremban,1,Lee Peng Fee,2782,DAP,23919
Negeri Sembilan,P.117 Seremban,Seremban,2,Dato' Hon Choon Kim,2783,BN,33155
Negeri Sembilan,P.118 Rasah,Rasah,1,Chen Man Hin,688,DAP,27255
Negeri Sembilan,P.118 Rasah,Rasah,2,Goh Siow Huat,2784,BN,28641
Negeri Sembilan,P.119 Telok Kemang,Telok Kemang,1,N. Gobalakrishnan,2785,DAP,17121
Negeri Sembilan,P.119 Telok Kemang,Telok Kemang,2,S.Anpalagan,2786,BN,26815
Melaka,P.120 Alor Gajah,Alor Gajah,1,Hj. Ab. Ghani Bin Hj. Ab. Rahman,2787,PAS,12283
Melaka,P.120 Alor Gajah,Alor Gajah,2,Datuk Wira Abu Seman Yusop,2788,BN,24615
Melaka,P.121 Selandar,Selandar,1,Dr. Fong Chan Onn,2154,BN,23055
Melaka,P.121 Selandar,Selandar,2,Tian Chua,2789,PKR,12316
Melaka,P.122 Batu Berendam,Batu Berendam,1,Abdul Ghafar Bin Baba,11,BN,37656
Melaka,P.122 Batu Berendam,Batu Berendam,2,Khalid Jaafar,2790,PKR,30368
Melaka,P.123 Kota Melaka,Kota Melaka,1,Kerk Kim Hock,2076,DAP,33472
Melaka,P.123 Kota Melaka,Kota Melaka,2,Lim Swee Kiang,2791,BN,24083
Melaka,P.124 Jasin,Jasin,1,Datuk Seri Abu Zahar Bin Hj. Isnin,2792,BN,23638
Melaka,P.124 Jasin,Jasin,2,Muhajid Haji Yusof Rawa,2793,PAS,12947
Johor,P.125 Segamat,Segamat,1,Subramaniam A/L Sinniah @ Dato S. Subra,2794,BN,26350
Johor,P.125 Segamat,Segamat,2,Tee Gey Yan,2795,DAP,15921
Johor,P.126 Ledang,Ledang,1,Jamaluddin Bin Khalid,2796,PKR,12309
Johor,P.126 Ledang,Ledang,2,Hashim Bin Ismail,2480,BN,25816
Johor,P.127 Pagoh,Pagoh,1,Tan Sri Muhyiddin Yassin,2797,BN,20140
Johor,P.127 Pagoh,Pagoh,2,Alias Bin Hj. Shamsir,2798,PKR,7283
Johor,P.128 Labis,Labis,1,Dato' Seri Dr. Lim Liong Seek @ Ling Liong Sik,1147,BN,23709
Johor,P.128 Labis,Labis,2,Ahmad Bin Ton,2163,DAP,9908
Johor,P.129 Mersing,Mersing,1,Abd. Latiff Bin Ahmad,2799,BN,18821
Johor,P.129 Mersing,Mersing,2,Idris Bin Tukachil,2800,PAS,7960
Johor,P.130 Kluang,Kluang,1,Hoo Seong Chang,2486,BN,30540
Johor,P.130 Kluang,Kluang,2,Chew Peck Choo,2801,DAP,12170
Johor,P.131 Parit Sulong,Parit Sulong,1,Mohamed Hanipa Bin Maidin,2501,PAS,13603
Johor,P.131 Parit Sulong,Parit Sulong,2,Ruhanie Bin Ahmad,2802,BN,31260
Johor,P.132 Bakri,Bakri,1,Chua Jui Meng,1852,BN,25676
Johor,P.132 Bakri,Bakri,2,Lim Sey Wee,2803,DAP,12316
Johor,P.133 Muar,Muar,1,Haji Abdul Rahman Othman,2804,PKR,10511
Johor,P.133 Muar,Muar,2,Dr Robia Bt Dato' Kosai,2805,BN,17693
Johor,P.134 Sri Gading,Sri Gading,1,Mohamad Bin Haji Aziz,2806,BN,29156
Johor,P.134 Sri Gading,Sri Gading,2,Khalid Bin Abd Samad,1704,PAS,11598
Johor,P.135 Batu Pahat,Batu Pahat,1,Mohd Ramli Bin Md Kari,2807,PAS,14226
Johor,P.135 Batu Pahat,Batu Pahat,2,Siam Bin Kasrin,2808,BN,31674
Johor,P.136 Tenggara,Tenggara,1,Hishamudin Bin Hussein,2809,BN,28376
Johor,P.136 Tenggara,Tenggara,2,Lokman Noor Bin Adam,2810,PKR,7559
Johor,P.137 Sungai Benut,Sungai Benut,1,Abd Hamid Bin Abd Rahman,2811,BN,30578
Johor,P.137 Sungai Benut,Sungai Benut,2,Ungku Mohd Noor Bin Ungku Mahmood,1855,PAS,9886
Johor,P.138 Senai,Senai,1,Lim Si Cheng,2500,BN,32237
Johor,P.138 Senai,Senai,2,Tan Hang Meng,2812,DAP,14704
Johor,P.139 Kota Tinggi,Kota Tinggi,1,Syed Hamid Bin S. Jaafar Albar,2181,BN,37906
Johor,P.139 Kota Tinggi,Kota Tinggi,2,Rosdin Bin Dato Hj. Abdul Rahman Mahmud,2813,PKR,5745
Johor,P.140 Tebrau,Tebrau,1,Hassan Bin Karim,2814,PRM,13799
Johor,P.140 Tebrau,Tebrau,2,Datuk Ali Hassan,2815,BN,49284
Johor,P.141 Johor Bahru,Johor Bahru,1,Mohamed Khaled Nordin,2187,BN,38707
Johor,P.141 Johor Bahru,Johor Bahru,2,A.Razak Ahmad,2188,PRM,14149
Johor,P.142 Pulai,Pulai,1,Ismail Hj. Awab,2816,PKR,10961
Johor,P.142 Pulai,Pulai,2,Dato' Hj. Abdul Kadir Bin Annuar,2817,BN,35529
Johor,P.143 Gelang Patah,Gelang Patah,1,Teu Si @ Hang See Ten,2505,BN,40752
Johor,P.143 Gelang Patah,Gelang Patah,2,Norman Fernandez,2818,DAP,13947
Johor,P.144 Pontian,Pontian,1,Diong Chi Tzuoh,2819,PKR,8259
Johor,P.144 Pontian,Pontian,2,Ong Ka Ting,2190,BN,38169
W.P. Labuan,P.145 Labuan,Labuan,1,Dato' Haji Suhaili Bin Abdul Rahman,2820,BN,8687
W.P. Labuan,P.145 Labuan,Labuan,2,Teo Boon Heng @ Raymond,2821,PBS,2172
W.P. Labuan,P.145 Labuan,Labuan,3,Asbullah Bin Mohd. Salleh,2822,PAS,1318
Sabah,P.146 Marudu,Marudu,1,Datu Amir Kahar Bin Datu Mustapha,2509,BN,11850
Sabah,P.146 Marudu,Marudu,2,Md Zakaria Bin Said,2823,PBS,7963
Sabah,P.146 Marudu,Marudu,3,Amatus Bernadus Anjun,2824,STAR,206
Sabah,P.147 Bandau,Bandau,1,Baintin Bin Adun,2825,BEBAS,1228
Sabah,P.147 Bandau,Bandau,2,Maijol Mahap,2826,BN,6781
Sabah,P.147 Bandau,Bandau,3,Dr. Maximus Johnity Ongkili,2827,PBS,8465
Sabah,P.148 Kota Belud,Kota Belud,1,Salleh Said,2828,BN,17817
Sabah,P.148 Kota Belud,Kota Belud,2,Mul Bin Marif,2829,BEBAS,179
Sabah,P.148 Kota Belud,Kota Belud,3,Maidom @ Paul Pansai,2830,BEBAS,553
Sabah,P.148 Kota Belud,Kota Belud,4,Saidil @ Saidi Bin Simoi,2831,PBS,8601
Sabah,P.148 Kota Belud,Kota Belud,5,Dr. Datu Bandira Datu' Alang,2832,PAS,1515
Sabah,P.149 Tuaran,Tuaran,1,Yunof Maringking,2833,PBS,10270
Sabah,P.149 Tuaran,Tuaran,2,Wilfred Madius Tangau,2834,BN,13083
Sabah,P.149 Tuaran,Tuaran,3,Rubiah F. Ayif,2835,BEBAS,185
Sabah,P.150 Gaya,Gaya,1,Johnny Goh Chin Lok,2836,PBS,11198
Sabah,P.150 Gaya,Gaya,2,Yong Teck Lee,2837,BN,15315
Sabah,P.150 Gaya,Gaya,3,Hamzah Hj. Abdullah,2838,PAS,729
Sabah,P.151 Tanjong Aru,Tanjong Aru,1,Oh Choo Hong,1591,DAP,534
Sabah,P.151 Tanjong Aru,Tanjong Aru,2,Yong Chiew Lip @ Philip Yong,2839,BN,11281
Sabah,P.151 Tanjong Aru,Tanjong Aru,3,Dr. Yee Moh Chai,2840,PBS,11826
Sabah,P.152 Penampang,Penampang,1,Chin Syn Fu,2841,DAP,439
Sabah,P.152 Penampang,Penampang,2,Philip Lasimbang,2842,BN,15326
Sabah,P.152 Penampang,Penampang,3,Jivol @ Edmund Bin Doudilim,2843,PBS,12006
Sabah,P.153 Papar,Papar,1,Osu Haji Sukam,2524,BN,14013
Sabah,P.153 Papar,Papar,2,Mohd Saidi Lampoh,2844,PBS,7608
Sabah,P.154 Beaufort,Beaufort,1,Anifah Bin Aman,2845,BN,16009
Sabah,P.154 Beaufort,Beaufort,2,Ak Aliuddin,2846,PBS,9209
Sabah,P.155 Sipitang,Sipitang,1,Datuk Dr. Hj Yusof Hj Yacob,2847,BN,9581
Sabah,P.155 Sipitang,Sipitang,2,Abdul Rahman Bin Md. Yakub,2848,PKR,5242
Sabah,P.155 Sipitang,Sipitang,3,Ag Ku Tengah Pg. Damit,2849,BEBAS,145
Sabah,P.156 Kinabalu,Kinabalu,1,Tan Sri Bernard Giluk Dompok,2850,BN,11723
Sabah,P.156 Kinabalu,Kinabalu,2,Janinim Bin Saliun,2851,PBS,6300
Sabah,P.156 Kinabalu,Kinabalu,3,Wasimin Hj. Rashim,2852,BEBAS,175
Sabah,P.157 Keningau,Keningau,1,Tan Sri Joseph Kurup,2853,BN,12533
Sabah,P.157 Keningau,Keningau,2,Datuk Joseph Pairin Kitingan,1895,PBS,12783
Sabah,P.158 Tenom,Tenom,1,Rizalman @ Sumin Bin Abdullah @ Sumbing,2854,BN,11179
Sabah,P.158 Tenom,Tenom,2,Radin Malleh,2217,PBS,7537
Sabah,P.159 Beluran,Beluran,1,Dennis Tweening Rantau,2855,PBS,5286
Sabah,P.159 Beluran,Beluran,2,Liaw Teck King,2856,BEBAS,219
Sabah,P.159 Beluran,Beluran,3,Ronald Kiandee,2857,BN,6562
Sabah,P.160 Libaran,Libaran,1,Juslie Bin Ajirol,2858,BN,11303
Sabah,P.160 Libaran,Libaran,2,Muzhry Bin Nasir,2859,PKR,4992
Sabah,P.161 Sandakan,Sandakan,1,Lau Ngan Siew,2542,BN,12998
Sabah,P.161 Sandakan,Sandakan,2,Fung Ket Wing,1308,MDP,2956
Sabah,P.161 Sandakan,Sandakan,3,Sak Cheong Yu,2860,PBS,8630
Sabah,P.162 Kinabatangan,Kinabatangan,1,Bung Moktar Radin,2861,BN,8141
Sabah,P.162 Kinabatangan,Kinabatangan,2,Ali Latip Bin Taha,2862,PBS,4246
Sabah,P.163 Silam,Silam,1,Ustaz Dr. Badrulamin,2863,PKR,8110
Sabah,P.163 Silam,Silam,2,Datuk Railey Bin Hj. Jeffrey,2864,BN,14629
Sabah,P.164 Semporna,Semporna,1,Datuk Mohd. Shafie Apdal,2865,BN,18570
Sabah,P.164 Semporna,Semporna,2,Abdul Rahim @ Aburahim,2866,BEBAS,5245
Sabah,P.165 Tawau,Tawau,1,Kong Hong Ming,2867,PBS,9044
Sabah,P.165 Tawau,Tawau,2,Datuk Hj. Majin Ajing,2868,BEBAS,3278
Sabah,P.165 Tawau,Tawau,3,Shim Paw Fatt,2869,BN,20160
Sarawak,P.166 Mas Gading,Mas Gading,1,Dr. Patau Ak Rubis,1618,STAR,6664
Sarawak,P.166 Mas Gading,Mas Gading,2,Tekhee @ Dr. Tiki Ak Lafe,2870,BN,10684
Sarawak,P.167 Santubong,Santubong,1,Hajjah Rohani Binti Haji Abdul Karim,2230,BN,7955
Sarawak,P.167 Santubong,Santubong,2,Husaini Bin Hamdan,2871,PKR,6060
Sarawak,P.168 Petra Jaya,Petra Jaya,1,Datuk Amar Dr. Haji Sulaiman Haji Daud,2872,BN,11878
Sarawak,P.168 Petra Jaya,Petra Jaya,2,Hj Wan Zainal Abidin B Wan Sanusi,2566,PKR,9008
Sarawak,P.169 Bandar Kuching,Bandar Kuching,1,Dominique Ng Kim Ho,2873,BEBAS,9850
Sarawak,P.169 Bandar Kuching,Bandar Kuching,2,Song Swee Guan,2553,BN,18239
Sarawak,P.169 Bandar Kuching,Bandar Kuching,3,Chong Chieng Jen,2874,DAP,5913
Sarawak,P.170 Stampin,Stampin,1,Chua Chio Kuia,2875,BEBAS,1684
Sarawak,P.170 Stampin,Stampin,2,Voon Lee Shan,2876,DAP,9913
Sarawak,P.170 Stampin,Stampin,3,Yong Khoon Hian @ Yong Khoon Seng,2554,BN,18810
Sarawak,P.171 Kota Samarahan,Kota Samarahan,1,Yab Datuk Patinggi Hj Abdul Taib B. Mahmud,754,BN,13307
Sarawak,P.171 Kota Samarahan,Kota Samarahan,2,Zulrusdi Bin Mohamad Hol,2877,PKR,5092
Sarawak,P.171 Kota Samarahan,Kota Samarahan,3,Haji Bujang Bakar,2878,BEBAS,417
Sarawak,P.172 Mambong,Mambong,1,Belek @ Jerip Anak Susil @ Dr. Jerip Anak Susil,2879,STAR,9655
Sarawak,P.172 Mambong,Mambong,2,James Dawos Mamit @ Dr. Dawos Mamit,2880,BN,11327
Sarawak,P.173 Serian,Serian,1,Richard Riot Jaem,2236,BN,12491
Sarawak,P.173 Serian,Serian,2,Shamsuddin Bin Abdullah @ Pok Anak Ungkut,2881,BEBAS,872
Sarawak,P.173 Serian,Serian,3,Anthony Polycarp Munjan,2882,STAR,4040
Sarawak,P.174 Batang Sadong,Batang Sadong,1,Hajjah Sukinam Domo,2883,BN,7656
Sarawak,P.174 Batang Sadong,Batang Sadong,2,Hj. Sahari Bin Pet,2884,PKR,701
Sarawak,P.174 Batang Sadong,Batang Sadong,3,Othman Bin Mustapha @ Mos,2885,PAS,2438
Sarawak,P.175 Batang Lupar,Batang Lupar,1,Wan Junaidi Bin Tuanku Jaafar,2242,BN,7903
Sarawak,P.175 Batang Lupar,Batang Lupar,2,Syid Assimie Ismail,2886,STAR,2689
Sarawak,P.176 Sri Aman,Sri Aman,1,Wei @ Maxwell Anak Rojis @ Maxwell Ak Rojis,2887,PKR,3845
Sarawak,P.176 Sri Aman,Sri Aman,2,Jimmy Lim @ Jimmy Donald,2562,BN,11439
Sarawak,P.177 Lubok Antu,Lubok Antu,1,Jawah Anak Gerang,2564,BN,8759
Sarawak,P.177 Lubok Antu,Lubok Antu,2,David Anak Jemut,2888,PKR,2097
Sarawak,P.178 Betong,Betong,1,Douglas Uggah Embas,3254,BN,0
Sarawak,P.179 Saratok,Saratok,1,Datuk Peter Tinggom Ak. Kamarau,1947,BN,10545
Sarawak,P.179 Saratok,Saratok,2,Idris Haji Bohari,2889,PKR,5042
Sarawak,P.180 Kuala Rajang,Kuala Rajang,1,Datuk Mohd Effendi Bin Norwawi,2890,BN,14306
Sarawak,P.180 Kuala Rajang,Kuala Rajang,2,Lamasudin @ Udie Bin Salleh @ Dr Urdie B. Salleh,2891,PKR,3720
Sarawak,P.181 Sarikei,Sarikei,1,Yii Chu Lik,2892,BEBAS,197
Sarawak,P.181 Sarikei,Sarikei,2,Law Hieng Ding,1640,BN,15212
Sarawak,P.181 Sarikei,Sarikei,3,Michael Tiang Ming Tee,2893,DAP,7849
Sarawak,P.182 Julau,Julau,1,Joseph Salang Anak Gandum,2894,BN,9183
Sarawak,P.182 Julau,Julau,2,Samuel Anak Edward Chun,2895,BEBAS,844
Sarawak,P.182 Julau,Julau,3,Patrick Mit @ Dumit Anak Tutong,2896,BEBAS,483
Sarawak,P.182 Julau,Julau,4,Kong Ah Huat,2897,BEBAS,2897
Sarawak,P.183 Kanowit,Kanowit,1,Leo Moggie Ak Irok @ Moggie @ Datuk Amar Leo Moggie,1080,BN,7782
Sarawak,P.183 Kanowit,Kanowit,2,Tadong Ak Tambi,2898,PKR,2564
Sarawak,P.184 Lanang,Lanang,1,Tiong Thai King,2574,BN,16256
Sarawak,P.184 Lanang,Lanang,2,Wong Ho Leng,1965,DAP,9466
Sarawak,P.185 Sibu,Sibu,1,Wong Sing Nang,2256,DAP,14085
Sarawak,P.185 Sibu,Sibu,2,Robert Lau Hoi Chew,2258,BN,23227
Sarawak,P.186 Mukah,Mukah,1,Datuk Dr. Leo Michael Toyad,1644,BN,11258
Sarawak,P.186 Mukah,Mukah,2,Yusuf Abdul Rahman,2899,PKR,3691
Sarawak,P.187 Selangau,Selangau,1,Ricky Bernard Betti,2900,PKR,3995
Sarawak,P.187 Selangau,Selangau,2,Joseph Mauh Anak Ikeh,2901,BN,7612
Sarawak,P.188 Kapit,Kapit,1,Nor Azman Bin Abdullah @ Baginda Ak Minda,2902,PKR,843
Sarawak,P.188 Kapit,Kapit,2,Alexandar Nanta Linggi,2903,BN,12157
Sarawak,P.188 Kapit,Kapit,3,Richard Nujong Ak Abit,2904,BEBAS,1141
Sarawak,P.189 Hulu Rajang,Hulu Rajang,1,Abit Joo @ Billy Abit Joo,2905,BN,6884
Sarawak,P.189 Hulu Rajang,Hulu Rajang,2,Kumbong Anak Langit,2906,BEBAS,2751
Sarawak,P.190 Bintulu,Bintulu,1,Dato' Tiong King Sing,2907,BN,15681
Sarawak,P.190 Bintulu,Bintulu,2,Chiew Chiu Sing,2269,DAP,14281
Sarawak,P.191 Miri,Miri,1,Datuk Peter Chin Fah Kui,2908,BN,25121
Sarawak,P.191 Miri,Miri,2,Dr. Yie Siew Kee,2909,DAP,14415
Sarawak,P.192 Baram,Baram,1,Sedi Li,2910,BEBAS,1737
Sarawak,P.192 Baram,Baram,2,Jacob Dungau Sagan,2586,BN,8609
Sarawak,P.193 Bukit Mas,Bukit Mas,1,Charlee Soh,2911,PKR,3116
Sarawak,P.193 Bukit Mas,Bukit Mas,2,Henry Sum Agong,2912,BN,13642
Sarawak,P.193 Bukit Mas,Bukit Mas,3,Mohamad Bin Hj. Brahim,2913,BEBAS,459
