state,parlimen,area_name,ballot_order,name,candidate_uid,party,party_uid,votes
Perlis,P.001 Padang Besar,Padang Besar,1,Zahidi Bin Zainul Abidin,3630,BN,25,21473
Perlis,P.001 Padang Besar,Padang Besar,2,Azamhari,3631,PAS,3,14047
Perlis,P.002 Kangar,Kangar,1,Baharuddin Ahmad,3632,PAS,3,19306
Perlis,P.002 Kangar,Kangar,2,Shaharuddin Bin Ismail,3633,BN,25,23343
Perlis,P.003 Arau,Arau,1,Shahidan Bin Kassim,1665,BN,25,19376
Perlis,P.003 Arau,Arau,2,Haron Din,3284,PAS,3,18005
Perlis,P.003 Arau,Arau,3,Zainudin Bin Yom,3634,BEBAS,1,406
Kedah,P.004 Langkawi,Langkawi,1,Nawawi Bin Ahmad,3635,BN,25,21407
Kedah,P.004 Langkawi,Langkawi,2,Ahmad Bin Abdullah,157,PKR,11,9546
Kedah,P.004 Langkawi,Langkawi,3,Marina Hussein,3636,BEBAS,1,180
Kedah,P.005 Jerlun,Jerlun,1,Ismail Bin Salleh,3637,PAS,3,20891
Kedah,P.005 Jerlun,Jerlun,2,Othman Bin Aziz,3638,BN,25,24161
Kedah,P.006 Kubang Pasu,Kubang Pasu,1,Jamal Nasir,3639,PAS,3,22890
Kedah,P.006 Kubang Pasu,Kubang Pasu,2,Mohd Johari Bin Baharum,3290,BN,25,33334
Kedah,P.007 Padang Terap,Padang Terap,1,Nasir Bin Zakaria,3292,PAS,3,16212
Kedah,P.007 Padang Terap,Padang Terap,2,Muhamad Bazli,3640,BEBAS,1,243
Kedah,P.007 Padang Terap,Padang Terap,3,Mahdzir Khalid,3641,BN,25,20654
Kedah,P.008 Pokok Sena,Pokok Sena,1,Mahfuz Omar,2928,PAS,3,36198
Kedah,P.008 Pokok Sena,Pokok Sena,2,Shahlan Bin Ismail,3642,BN,25,32263
Kedah,P.009 Alor Star,Alor Setar,1,Chor Chee Heung,1981,BN,25,25491
Kedah,P.009 Alor Star,Alor Setar,2,Gooi Hsiao Leung,3294,PKR,11,27364
Kedah,P.009 Alor Star,Alor Setar,3,Abdul Fisol Bin Mohd Isa,3643,BERJASA,34,3530
Kedah,P.009 Alor Star,Alor Setar,4,Jawahar Raja Bin Hj Abdul Wahid,3644,BERSAMA,70,257
Kedah,P.010 Kuala Kedah,Kuala Kedah,1,Azman Ismail,3409,PKR,11,42870
Kedah,P.010 Kuala Kedah,Kuala Kedah,2,Zaki Zamani Bin Abdul Rashid,3645,BN,25,37923
Kedah,P.011 Pendang,Pendang,1,Othman Bin Abdul,1676,BN,25,32165
Kedah,P.011 Pendang,Pendang,2,Mohamad Sabu,2932,PAS,3,29527
Kedah,P.012 Jerai,Jerai,1,Jamil Khir Bin Baharom,3646,BN,25,32429
Kedah,P.012 Jerai,Jerai,2,Mohd Firdaus Bin Jaafar,3298,PAS,3,31233
Kedah,P.013 Sik,Sik,1,Mansor Bin Abdul Rahman,3647,BN,25,22084
Kedah,P.013 Sik,Sik,2,Che Uda Bin Che Nik,3300,PAS,3,19277
Kedah,P.014 Merbok,Merbok,1,Ismail Bin Daut,3648,BN,25,38538
Kedah,P.014 Merbok,Merbok,2,Nurin Aina,3649,PKR,11,34416
Kedah,P.015 Sungai Petani,Sungai Petani,1,Syamsul Anuar Ismail,3650,BN,25,34646
Kedah,P.015 Sungai Petani,Sungai Petani,2,Ong Wei Sin,3651,BEBAS,1,772
Kedah,P.015 Sungai Petani,Sungai Petani,3,Suhaimi Bin Hashim,3652,KITA,29,200
Kedah,P.015 Sungai Petani,Sungai Petani,4,Johari Abdul,3304,PKR,11,44194
Kedah,P.016 Baling,Baling,1,Najmi Hj Ahmad,3653,PAS,3,38319
Kedah,P.016 Baling,Baling,2,Azeez Rahim,3305,BN,25,43504
Kedah,P.017 Padang Serai,Padang Serai,1,Hamidi Bin Abu Hassan,3654,BERJASA,34,2630
Kedah,P.017 Padang Serai,Padang Serai,2,Othman Bin Wawi,3655,BEBAS,1,279
Kedah,P.017 Padang Serai,Padang Serai,3,Gobalakrishnan A/L Nagapan,3308,BEBAS,1,390
Kedah,P.017 Padang Serai,Padang Serai,4,N Surendran,3656,PKR,11,34151
Kedah,P.017 Padang Serai,Padang Serai,5,Heng Seai Kie,3657,BN,25,25714
Kedah,P.018 Kulim-Bandar Baharu,Kulim-Bandar Baharu,1,Saifuddin Nasution Ismail,2615,PKR,11,24911
Kedah,P.018 Kulim-Bandar Baharu,Kulim-Bandar Baharu,2,Abdul Aziz Sheikh Fadzir,3310,BN,25,26782
Kelantan,P.019 Tumpat,Tumpat,1,Kamarudin Jaffar,3311,PAS,3,46191
Kelantan,P.019 Tumpat,Tumpat,2,Mansor,3658,BN,25,35487
Kelantan,P.020 Pengkalan Chepa,Pengkalan Chepa,1,Izani Bin Husin,3659,PAS,3,34617
Kelantan,P.020 Pengkalan Chepa,Pengkalan Chepa,2,Dali Bin Husin,3660,BN,25,19497
Kelantan,P.021 Kota Bharu,Kota Bharu,1,Mohamad Fatmi Bin Che Salleh,3316,BN,25,24650
Kelantan,P.021 Kota Bharu,Kota Bharu,2,Takiyuddin,3661,PAS,3,40620
Kelantan,P.021 Kota Bharu,Kota Bharu,3,Mohd Zakiman Bin Abu Bakar,3662,BEBAS,1,148
Kelantan,P.022 Pasir Mas,Pasir Mas,1,Ibrahim Bin Ali,1692,BEBAS,1,25384
Kelantan,P.022 Pasir Mas,Pasir Mas,2,Nik Abduh,3663,PAS,3,33431
Kelantan,P.023 Rantau Panjang,Rantau Panjang,1,Cik Gu Li,3664,BN,25,17405
Kelantan,P.023 Rantau Panjang,Rantau Panjang,2,Kak Lah,3318,PAS,3,23767
Kelantan,P.024 Kubang Kerian,Kubang Kerian,1,Baihaki,3665,PAS,3,35510
Kelantan,P.024 Kubang Kerian,Kubang Kerian,2,Anuar Safian,3666,BN,25,18769
Kelantan,P.025 Bachok,Bachok,1,Marzuk Shaary,3667,PAS,3,35419
Kelantan,P.025 Bachok,Bachok,2,Awang,3323,BN,25,35218
Kelantan,P.026 Ketereh,Ketereh,1,Annuar Musa,3324,BN,25,26912
Kelantan,P.026 Ketereh,Ketereh,2,Abdul Aziz,3325,PKR,11,25938
Kelantan,P.027 Tanah Merah,Tanah Merah,1,Nik Mahmood,3668,PKR,11,22278
Kelantan,P.027 Tanah Merah,Tanah Merah,2,Fizal Harun,3669,BEBAS,1,213
Kelantan,P.027 Tanah Merah,Tanah Merah,3,Ikmal Hisham Bin Abdul Aziz,3670,BN,25,26505
Kelantan,P.028 Pasir Puteh,Pasir Puteh,1,Mustaffa,3671,BN,25,31691
Kelantan,P.028 Pasir Puteh,Pasir Puteh,2,Nik Mazian,3672,PAS,3,33579
Kelantan,P.029 Machang,Machang,1,Jazlan,3673,BN,25,25660
Kelantan,P.029 Machang,Machang,2,Wan Zawawi,3674,PKR,11,24855
Kelantan,P.030 Jeli,Jeli,1,Mustapa Bin Mohamed,2333,BN,25,21345
Kelantan,P.030 Jeli,Jeli,2,Pendi,3332,PAS,3,16009
Kelantan,P.031 Kuala Krai,Kuala Krai,1,Aziz Mat,3675,BN,25,25876
Kelantan,P.031 Kuala Krai,Kuala Krai,2,Hatta Ramli,3333,PAS,3,27919
Kelantan,P.032 Gua Musang,Gua Musang,1,Tengku Razaleigh Hamzah,872,BN,25,21367
Kelantan,P.032 Gua Musang,Gua Musang,2,Wan Rahim,3315,PAS,3,12954
Terengganu,P.033 Besut,Besut,1,Idris Jusoh,3676,BN,25,35232
Terengganu,P.033 Besut,Besut,2,Riduan Mohamad Nor,3677,PAS,3,26890
Terengganu,P.034 Setiu,Setiu,1,Che Mohamad Zulkifly Bin Jusoh,3678,BN,25,33198
Terengganu,P.034 Setiu,Setiu,2,Omar Sidek,3679,PAS,3,25255
Terengganu,P.035 Kuala Nerus,Kuala Nerus,1,Mohd Nasir B. Tan Ibrahim Fikri,3340,BN,25,33251
Terengganu,P.035 Kuala Nerus,Kuala Nerus,2,Khairuddin Takiri,3680,PAS,3,33861
Terengganu,P.036 Kuala Terengganu,Kuala Terengganu,1,Mohd Zubir Bin Embong,3681,BN,25,35043
Terengganu,P.036 Kuala Terengganu,Kuala Terengganu,2,Raja Bahrin,3682,PAS,3,45828
Terengganu,P.036 Kuala Terengganu,Kuala Terengganu,3,Maimun Binti Yusuf,3341,BEBAS,1,182
Terengganu,P.037 Marang,Marang,1,Yahya Bin Khatib Mohamad,3683,BN,25,37860
Terengganu,P.037 Marang,Marang,2,Abdul Hadi Bin Awang,1712,PAS,3,42984
Terengganu,P.038 Hulu Terengganu,Hulu Terengganu,1,Kamaruzaman Bin Abdullah,3344,PAS,3,23727
Terengganu,P.038 Hulu Terengganu,Hulu Terengganu,2,Jailani Johari,3684,BN,25,31940
Terengganu,P.039 Dungun,Dungun,1,Rosli Mat Hassan,3685,BN,25,31406
Terengganu,P.039 Dungun,Dungun,2,Wan Hassan Mohd Ramli,3686,PAS,3,35348
Terengganu,P.039 Dungun,Dungun,3,Mazlan Bin Harun,3687,BEBAS,1,384
Terengganu,P.040 Kemaman,Kemaman,1,Ahmad Shabery Cheek,2986,BN,25,45525
Terengganu,P.040 Kemaman,Kemaman,2,Kamarudin Chik,3688,PKR,11,33219
Pulau Pinang,P.041 Kepala Batas,Kepala Batas,1,Reezal Merican B Naina Merican,3689,BN,25,25128
Pulau Pinang,P.041 Kepala Batas,Kepala Batas,2,Afnan Hamimi B. Taib Azamudden,3690,PAS,3,20952
Pulau Pinang,P.042 Tasek Gelugor,Tasek Gelugor,1,Mohd Shariff Bin Omar,3691,BEBAS,1,1590
Pulau Pinang,P.042 Tasek Gelugor,Tasek Gelugor,2,Shabudin Yahaya,3692,BN,25,24393
Pulau Pinang,P.042 Tasek Gelugor,Tasek Gelugor,3,Abdul Rahman Maidin,3693,PAS,3,21351
Pulau Pinang,P.043 Bagan,Bagan,1,Lim Kim Chu,3694,PCM,67,328
Pulau Pinang,P.043 Bagan,Bagan,2,David Chua Teik Siang,3695,BN,25,12307
Pulau Pinang,P.043 Bagan,Bagan,3,Lim Guan Eng,1839,DAP,18,46466
Pulau Pinang,P.044 Permatang Pauh,Permatang Pauh,1,Mazlan Ismail,3696,BN,25,25369
Pulau Pinang,P.044 Permatang Pauh,Permatang Pauh,2,Anwar Ibrahim,1426,PKR,11,37090
Pulau Pinang,P.044 Permatang Pauh,Permatang Pauh,3,Zawawi,3697,BEBAS,1,201
Pulau Pinang,P.045 Bukit Mertajam,Bukit Mertajam,1,Gui Guat Lye,3698,BN,25,12814
Pulau Pinang,P.045 Bukit Mertajam,Bukit Mertajam,2,Sim Chee Keong,3699,DAP,18,55877
Pulau Pinang,P.046 Batu Kawan,Batu Kawan,1,Gobalakrishnan A/L Narayanasamy,3700,BN,25,10674
Pulau Pinang,P.046 Batu Kawan,Batu Kawan,2,Kasthuriraani Patto,3701,DAP,18,36636
Pulau Pinang,P.046 Batu Kawan,Batu Kawan,3,Huan Cheng Guan @ Huan,3702,PCM,67,1801
Pulau Pinang,P.046 Batu Kawan,Batu Kawan,4,Mohan Apparoo,3703,BEBAS,1,305
Pulau Pinang,P.047 Nibong Tebal,Nibong Tebal,1,Zainal Abidin Osman,3356,BN,25,21405
Pulau Pinang,P.047 Nibong Tebal,Nibong Tebal,2,Teng Kok Pheng,3704,BEBAS,1,297
Pulau Pinang,P.047 Nibong Tebal,Nibong Tebal,3,Mansor Othman,3705,PKR,11,30003
Pulau Pinang,P.048 Bukit Bendera,Bukit Bendera,1,Zairil Khir Johari,3706,DAP,18,45591
Pulau Pinang,P.048 Bukit Bendera,Bukit Bendera,2,Teh Leong Meng,3707,BN,25,12813
Pulau Pinang,P.049 Tanjong,Tanjong,1,Ng Wei Aik,3708,DAP,18,35510
Pulau Pinang,P.049 Tanjong,Tanjong,2,Ng Song Kheng,3709,BN,25,6865
Pulau Pinang,P.050 Jelutong,Jelutong,1,Ooi Chuan Aun,3361,DAP,18,43211
Pulau Pinang,P.050 Jelutong,Jelutong,2,Ng Fook On,3710,BN,25,17461
Pulau Pinang,P.051 Bukit Gelugor,Bukit Gelugor,1,Teh Beng Yeam,3711,BN,25,13597
Pulau Pinang,P.051 Bukit Gelugor,Bukit Gelugor,2,Karpal Singh,848,DAP,18,56303
Pulau Pinang,P.052 Bayan Baru,Bayan Baru,1,Sim Tze Tzin,3712,PKR,11,43558
Pulau Pinang,P.052 Bayan Baru,Bayan Baru,2,Tang Heap Seng,3713,BN,25,24251
Pulau Pinang,P.053 Balik Pulau,Balik Pulau,1,Hilmi Yahaya,3714,BN,25,22318
Pulau Pinang,P.053 Balik Pulau,Balik Pulau,2,Muhammad Bakhtiar Bin Wan Chik,3715,PKR,11,20779
Perak,P.054 Gerik,Gerik,1,Norhayati Binti Kasim,3716,PAS,3,10199
Perak,P.054 Gerik,Gerik,2,Hasbullah Osman,3717,BN,25,16415
Perak,P.055 Lenggong,Lenggong,1,Razman Zakaria,3718,PAS,3,9478
Perak,P.055 Lenggong,Lenggong,2,Shamsul Anuar Nasarah,3369,BN,25,13639
Perak,P.056 Larut,Larut,1,Hamzah Zainudin,3371,BN,25,22184
Perak,P.056 Larut,Larut,2,Fauzi Sa'Ari,3719,PAS,3,16888
Perak,P.056 Larut,Larut,3,Raveendran A/L M.Vallikana,3720,BEBAS,1,278
Perak,P.057 Parit Buntar,Parit Buntar,1,Mua'Amar Ghadafi Jamal,3721,BN,25,17539
Perak,P.057 Parit Buntar,Parit Buntar,2,Mujahid Yusof Rawa,2990,PAS,3,26015
Perak,P.058 Bagan Serai,Bagan Serai,1,Muhammad Nur Manuty,3722,PKR,11,21874
Perak,P.058 Bagan Serai,Bagan Serai,2,Abdul Latiff B. Masud,3723,BEBAS,1,329
Perak,P.058 Bagan Serai,Bagan Serai,3,Noor Azmi Bin Ghazali,3724,BN,25,23014
Perak,P.059 Bukit Gantang,Bukit Gantang,1,Ismail Saffian,3725,BN,25,29577
Perak,P.059 Bukit Gantang,Bukit Gantang,2,Idris Ahmad,2922,PAS,3,30563
Perak,P.060 Taiping,Taiping,1,Tan Lian Hoe,3012,BN,25,25530
Perak,P.060 Taiping,Taiping,2,Nga Kor Ming,3376,DAP,18,37275
Perak,P.061 Padang Rengas,Padang Rengas,1,Meor Ahmad,3726,PKR,11,10775
Perak,P.061 Padang Rengas,Padang Rengas,2,Mohamed Nazri Bin Tan Abdul Aziz,2368,BN,25,13005
Perak,P.062 Sungai Siput,Sungai Siput,1,S.P Nagalingam,3727,BEBAS,1,197
Perak,P.062 Sungai Siput,Sungai Siput,2,Michael Jeyakumar Devaraj,3019,PKR,11,21593
Perak,P.062 Sungai Siput,Sungai Siput,3,S.K. Devamany,3402,BN,25,18800
Perak,P.063 Tambun,Tambun,1,Ahmad Husni Hanadzlah,3380,BN,25,42093
Perak,P.063 Tambun,Tambun,2,Siti Aishah,3728,PKR,11,32768
Perak,P.064 Ipoh Timor,Ipoh Timor,1,Kathleen (Kat) Wong,3729,BN,25,15086
Perak,P.064 Ipoh Timor,Ipoh Timor,2,Su Keong Siong,3730,DAP,18,49086
Perak,P.065 Ipoh Barat,Ipoh Barat,1,Kalwant Singh,3731,BEBAS,1,235
Perak,P.065 Ipoh Barat,Ipoh Barat,2,M. Kula,3383,DAP,18,45420
Perak,P.065 Ipoh Barat,Ipoh Barat,3,Cheng Wei Yee,3732,BN,25,16382
Perak,P.066 Batu Gajah,Batu Gajah,1,V. Sivakumar,3733,DAP,18,53770
Perak,P.066 Batu Gajah,Batu Gajah,2,Loo Thin Tuck,3734,BN,25,15360
Perak,P.067 Kuala Kangsar,Kuala Kangsar,1,Kamilia Ibrahim,3735,BEBAS,1,447
Perak,P.067 Kuala Kangsar,Kuala Kangsar,2,Wan Khair-Il Anuar,3736,BN,25,14218
Perak,P.067 Kuala Kangsar,Kuala Kangsar,3,Khalil Idham Lim,3737,PAS,3,13136
Perak,P.068 Beruas,Beruas,1,Chang Ko Youn,3386,BN,25,16882
Perak,P.068 Beruas,Beruas,2,Ngeh Koo Ham,2081,DAP,18,21939
Perak,P.069 Parit,Parit,1,Mohd Zaim,3738,BN,25,16253
Perak,P.069 Parit,Parit,2,Muhd Ismi Bin Mat Taib,3739,PAS,3,11756
Perak,P.070 Kampar,Kampar,1,Lee Chee Leong,3390,BN,25,21463
Perak,P.070 Kampar,Kampar,2,Ko Chung Sen,3740,DAP,18,26863
Perak,P.071 Gopeng,Gopeng,1,Tan Chin Meng,3741,BN,25,32249
Perak,P.071 Gopeng,Gopeng,2,Lee Boon Chye,3391,PKR,11,47558
Perak,P.072 Tapah,Tapah,1,Ridzuan Bin Bani,3742,BEBAS,1,337
Perak,P.072 Tapah,Tapah,2,M. Saravanan,3393,BN,25,20670
Perak,P.072 Tapah,Tapah,3,Vasantha Kumar K,3743,PKR,11,12743
Perak,P.072 Tapah,Tapah,4,Shaharuzzaman,3744,BERJASA,34,2053
Perak,P.073 Pasir Salak,Pasir Salak,1,Tajuddin Abdul Rahman,3395,BN,25,24875
Perak,P.073 Pasir Salak,Pasir Salak,2,Mustaffa Kamil Ayub,3037,PKR,11,17489
Perak,P.074 Lumut,Lumut,1,Imran Abdul Hamid,3745,PKR,11,40308
Perak,P.074 Lumut,Lumut,2,Kong Cho Ha,2706,BN,25,32140
Perak,P.075 Bagan Datok,Bagan Datuk,1,Madhi Hasan,3397,PKR,11,15068
Perak,P.075 Bagan Datok,Bagan Datuk,2,Ahmad Zahid Bin Hamidi,2393,BN,25,17176
Perak,P.076 Telok Intan,Teluk Intan,1,Seah Leong Peng,3746,DAP,18,27399
Perak,P.076 Telok Intan,Teluk Intan,2,Mah Siew Keong,2709,BN,25,20086
Perak,P.076 Telok Intan,Teluk Intan,3,Muraalie Kanan,3747,BEBAS,1,279
Perak,P.077 Tanjong Malim,Tanjong Malim,1,Ong Ka Chuan,3399,BN,25,28225
Perak,P.077 Tanjong Malim,Tanjong Malim,2,Tan Yee Kew,2436,PKR,11,23897
Pahang,P.078 Cameron Highlands,Cameron Highlands,1,Mohd Shokri Mahmood,3748,BERJASA,34,912
Pahang,P.078 Cameron Highlands,Cameron Highlands,2,Manogaran,3398,DAP,18,10044
Pahang,P.078 Cameron Highlands,Cameron Highlands,3,Np Kisho Kumar,3749,BEBAS,1,101
Pahang,P.078 Cameron Highlands,Cameron Highlands,4,Alagu A/L Thangarajoo,3750,BEBAS,1,308
Pahang,P.078 Cameron Highlands,Cameron Highlands,5,G. Palanivel,2113,BN,25,10506
Pahang,P.079 Lipis,Lipis,1,Aishaton Abu Bakar,3751,BEBAS,1,303
Pahang,P.079 Lipis,Lipis,2,Abdul Rahman Bin Mohamad,3752,BN,25,14863
Pahang,P.079 Lipis,Lipis,3,Mohd Mahyuddin Bin Ghazal @ Razali,3753,PAS,3,11394
Pahang,P.080 Raub,Raub,1,Ariff Sabri Bin Abdul Aziz,3754,DAP,18,23415
Pahang,P.080 Raub,Raub,2,Hoh Khai Mun,3755,BN,25,20601
Pahang,P.081 Jerantut,Jerantut,1,Hamzah,3407,PAS,3,22012
Pahang,P.081 Jerantut,Jerantut,2,Ahmad Nazlan,3756,BN,25,26544
Pahang,P.082 Indera Mahkota,Indera Mahkota,1,Wan Adnan Bin Wan Mamat,3757,BN,25,23061
Pahang,P.082 Indera Mahkota,Indera Mahkota,2,Ram Ponusamy,3418,BEBAS,1,193
Pahang,P.082 Indera Mahkota,Indera Mahkota,3,Fauzi Abdul Rahman,2404,PKR,11,30584
Pahang,P.083 Kuantan,Kuantan,1,Mohamed Suffian Bin Awang,3758,BN,25,21319
Pahang,P.083 Kuantan,Kuantan,2,Fuziah Salleh,2716,PKR,11,25834
Pahang,P.084 Paya Besar,Paya Besar,1,Zahari Bin Mamat,3759,BEBAS,1,272
Pahang,P.084 Paya Besar,Paya Besar,2,Abdul Manan Bin Ismail,3411,BN,25,23747
Pahang,P.084 Paya Besar,Paya Besar,3,Murnie Hidayah,3760,PKR,11,16032
Pahang,P.085 Pekan,Pekan,1,Mohd Najib Bin Tun Abdul Razak,1216,BN,25,51278
Pahang,P.085 Pekan,Pekan,2,Fariz Musa,3347,PKR,11,15665
Pahang,P.086 Maran,Maran,1,Mujibur Rahman,3761,PAS,3,12774
Pahang,P.086 Maran,Maran,2,Ismail Bin Hj Abdul Muttalib,3413,BN,25,19249
Pahang,P.087 Kuala Krau,Kuala Krau,1,Ismail Bin Mohamed Said,1613,BN,25,21575
Pahang,P.087 Kuala Krau,Kuala Krau,2,Shahril Azman Bin Abdul Halim Al-Hafiz,3762,PAS,3,15370
Pahang,P.088 Temerloh,Temerloh,1,Saifuddin Abdullah,3416,BN,25,27197
Pahang,P.088 Temerloh,Temerloh,2,Nasrudin Hassan Tantawi,3414,PAS,3,28267
Pahang,P.089 Bentong,Bentong,1,Wong Tack,3763,DAP,18,25568
Pahang,P.089 Bentong,Bentong,2,Liow Tiong Lai,2721,BN,25,25947
Pahang,P.090 Bera,Bera,1,Zakaria Abdul Hamid,3764,PKR,11,19526
Pahang,P.090 Bera,Bera,2,Mohd Wali Ahmad,3765,BEBAS,1,670
Pahang,P.090 Bera,Bera,3,Ismail Sabri Yaakob,3061,BN,25,21669
Pahang,P.091 Rompin,Rompin,1,Jamaludin Bin Jarjis,3420,BN,25,30040
Pahang,P.091 Rompin,Rompin,2,Nuridah,3766,PAS,3,14926
Selangor,P.092 Sabak Bernam,Sabak Bernam,1,Abdul Aziz Bari,3767,PKR,11,14620
Selangor,P.092 Sabak Bernam,Sabak Bernam,2,Fasiah,3768,BN,25,16510
Selangor,P.093 Sungai Besar,Sungai Besar,1,Salleh Husin,3769,PAS,3,18296
Selangor,P.093 Sungai Besar,Sungai Besar,2,Noriah Binti Kasnon,3422,BN,25,18695
Selangor,P.094 Hulu Selangor,Hulu Selangor,1,Santhara,3770,BEBAS,1,999
Selangor,P.094 Hulu Selangor,Hulu Selangor,2,Radzali Mokhtar,3771,BEBAS,1,1105
Selangor,P.094 Hulu Selangor,Hulu Selangor,3,Khalid Jaafar,2790,PKR,11,33989
Selangor,P.094 Hulu Selangor,Hulu Selangor,4,P.Kamalanathan,3772,BN,25,37403
Selangor,P.095 Tanjong Karang,Tanjong Karang,1,Herman Tino,3773,BEBAS,1,340
Selangor,P.095 Tanjong Karang,Tanjong Karang,2,Noh Bin Omar,2416,BN,25,20548
Selangor,P.095 Tanjong Karang,Tanjong Karang,3,Rashdi,3774,PAS,3,16154
Selangor,P.096 Kuala Selangor,Kuala Selangor,1,Dzulkefly Ahmad,2751,PAS,3,27040
Selangor,P.096 Kuala Selangor,Kuala Selangor,2,Irmohizam,3775,BN,25,27500
Selangor,P.097 Selayang,Selayang,1,William Leong Jee Keen,3427,PKR,11,52343
Selangor,P.097 Selayang,Selayang,2,Donald Lim Siang Chai,2743,BN,25,34385
Selangor,P.097 Selayang,Selayang,3,Mohd Hazizi,3776,BERJASA,34,4152
Selangor,P.098 Gombak,Gombak,1,Azmin Ali,3428,PKR,11,54827
Selangor,P.098 Gombak,Gombak,2,Said Nazar,3777,BEBAS,1,474
Selangor,P.098 Gombak,Gombak,3,Rahman Ismail,3778,BN,25,50093
Selangor,P.099 Ampang,Ampang,1,Zuraida Kamaruddin,3431,PKR,11,41969
Selangor,P.099 Ampang,Ampang,2,Rozaidah Talib,3077,BN,25,28691
Selangor,P.100 Pandan,Pandan,1,Rafizi Ramli,3779,PKR,11,48183
Selangor,P.100 Pandan,Pandan,2,Allan Tan,3780,BEBAS,1,2415
Selangor,P.100 Pandan,Pandan,3,Lim Chin Yee,3781,BN,25,21454
Selangor,P.101 Hulu Langat,Hulu Langat,1,Adzhaliza Binti Mohd Nor,3782,BN,25,46860
Selangor,P.101 Hulu Langat,Hulu Langat,2,Che Rosli Che Mat,3433,PAS,3,64127
Selangor,P.102 Serdang,Bangi,1,Yap Pian Hon,2429,BN,25,37032
Selangor,P.102 Serdang,Bangi,2,Ong Kian Ming,3783,DAP,18,79238
Selangor,P.103 Puchong,Puchong,1,Gobind Singh Deo,3436,DAP,18,62938
Selangor,P.103 Puchong,Puchong,2,A. Kohilan Pillay,3784,BN,25,30136
Selangor,P.104 Kelana Jaya,Subang,1,Loh Seng Kok,3088,BN,25,27963
Selangor,P.104 Kelana Jaya,Subang,2,Toh Sin Wah,3785,BEBAS,1,363
Selangor,P.104 Kelana Jaya,Subang,3,Wong Chen,3786,PKR,11,56790
Selangor,P.105 Petaling Jaya Selatan,Petaling Jaya,1,Ibrahim Khatib,3787,BEBAS,1,1447
Selangor,P.105 Petaling Jaya Selatan,Petaling Jaya,2,Hee Loy Sian,3440,PKR,11,41062
Selangor,P.105 Petaling Jaya Selatan,Petaling Jaya,3,Sheah Kok Fah,3788,BN,25,21846
Selangor,P.106 Petaling Jaya Utara,Damansara,1,Chew Hoong Ling,3789,BN,25,12735
Selangor,P.106 Petaling Jaya Utara,Damansara,2,Tony Pua,3441,DAP,18,57407
Selangor,P.107 Subang,Sungai Buloh,1,Nazaruddin,3790,BEBAS,1,460
Selangor,P.107 Subang,Sungai Buloh,2,Edros Bin Abdullah,3791,BEBAS,1,218
Selangor,P.107 Subang,Sungai Buloh,3,Mohamad,3792,BERJASA,34,4454
Selangor,P.107 Subang,Sungai Buloh,4,A. Prakash Rao,3793,BN,25,39549
Selangor,P.107 Subang,Sungai Buloh,5,Sivarasa Rasiah,3443,PKR,11,66268
Selangor,P.108 Shah Alam,Shah Alam,1,Zulkifli Bin Noordin,3309,BN,25,38070
Selangor,P.108 Shah Alam,Shah Alam,2,Khalid Abdul Samad,3095,PAS,3,49009
Selangor,P.109 Kapar,Kapar,1,Sakthivell,3794,BN,25,46059
Selangor,P.109 Kapar,Kapar,2,Hamzah Jawa Meru,3795,BEBAS,1,1067
Selangor,P.109 Kapar,Kapar,3,Palaya,3796,BEBAS,1,231
Selangor,P.109 Kapar,Kapar,4,Mohd Pathan Hussin,3797,BERJASA,34,6289
Selangor,P.109 Kapar,Kapar,5,Manivanan Gowin,3798,PKR,11,69849
Selangor,P.109 Kapar,Kapar,6,Mohd Nazri Bin Abdul Aziz,3799,BEBAS,1,835
Selangor,P.110 Klang,Klang,1,Teh Kim Poo,3800,BN,25,29034
Selangor,P.110 Klang,Klang,2,Charles Santiago,3447,DAP,18,53719
Selangor,P.111 Kota Raja,Kota Raja,1,P.Uthayakumar,3801,BEBAS,1,2364
Selangor,P.111 Kota Raja,Kota Raja,2,S. Murugesan,3442,BN,25,29711
Selangor,P.111 Kota Raja,Kota Raja,3,Azman Bin Idrus,3802,BEBAS,1,280
Selangor,P.111 Kota Raja,Kota Raja,4,Mariah Mahmud,3449,PAS,3,59106
Selangor,P.112 Kuala Langat,Kuala Langat,1,Sharuddin Bin Omar (B),3803,BN,25,35625
Selangor,P.112 Kuala Langat,Kuala Langat,2,Khairul Shah Kottappan,3804,BEBAS,1,426
Selangor,P.112 Kuala Langat,Kuala Langat,3,Abdullah Sani,3451,PKR,11,40983
Selangor,P.113 Sepang,Sepang,1,Hanapiah Mohamad,3805,BEBAS,1,315
Selangor,P.113 Sepang,Sepang,2,Suhaimi Mohd Ghazali,3806,BEBAS,1,962
Selangor,P.113 Sepang,Sepang,3,Mohd Zin Mohamed,3452,BN,25,35658
Selangor,P.113 Sepang,Sepang,4,Mohamed Hanipa Bin Maidin,2501,PAS,3,36800
W.P. Kuala Lumpur,P.114 Kepong,Kepong,1,Yee Poh Ping,3807,BEBAS,1,2757
W.P. Kuala Lumpur,P.114 Kepong,Kepong,2,Tan Seng Giaw,1238,DAP,18,47837
W.P. Kuala Lumpur,P.114 Kepong,Kepong,3,Chandran,3808,BN,25,7530
W.P. Kuala Lumpur,P.115 Batu,Batu,1,Tian Chua,2789,PKR,11,41672
W.P. Kuala Lumpur,P.115 Batu,Batu,2,Atan Bin Jasin,3809,BEBAS,1,164
W.P. Kuala Lumpur,P.115 Batu,Batu,3,Brig. Gen Hashim Karim,3810,BERJASA,34,949
W.P. Kuala Lumpur,P.115 Batu,Batu,4,Dominic Lau Hoe Chai,3811,BN,25,28388
W.P. Kuala Lumpur,P.115 Batu,Batu,5,Nazariah Binti Abbas,3812,BEBAS,1,209
W.P. Kuala Lumpur,P.116 Wangsa Maju,Wangsa Maju,1,Shafei Abdullah,3813,BN,25,26130
W.P. Kuala Lumpur,P.116 Wangsa Maju,Wangsa Maju,2,Tan Kee Kwong,2447,PKR,11,31641
W.P. Kuala Lumpur,P.117 Segambut,Segambut,1,Lim Lip Eng,3456,DAP,18,41383
W.P. Kuala Lumpur,P.117 Segambut,Segambut,2,Jayanthi Devi Balaguru,3814,BN,25,22184
W.P. Kuala Lumpur,P.118 Setiawangsa,Setiawangsa,1,Ahmad Fauzi Zahari,3815,BN,25,26809
W.P. Kuala Lumpur,P.118 Setiawangsa,Setiawangsa,2,Ibrahim Bin Yaacob,3458,PKR,11,25419
W.P. Kuala Lumpur,P.119 Titiwangsa,Titiwangsa,1,Johari Ghani,3816,BN,25,23034
W.P. Kuala Lumpur,P.119 Titiwangsa,Titiwangsa,2,Ahmad Zamri Asa'Ad Khuzaimi,3817,PAS,3,22168
W.P. Kuala Lumpur,P.120 Bukit Bintang,Bukit Bintang,1,Frankie Gan Joon Zin,3818,BN,25,11009
W.P. Kuala Lumpur,P.120 Bukit Bintang,Bukit Bintang,2,Fong Kui Lun,2128,DAP,18,30408
W.P. Kuala Lumpur,P.121 Lembah Pantai,Lembah Pantai,1,Nurul Izzah Anwar,3464,PKR,11,31008
W.P. Kuala Lumpur,P.121 Lembah Pantai,Lembah Pantai,2,Rusli Bin Baba,3819,BEBAS,1,167
W.P. Kuala Lumpur,P.121 Lembah Pantai,Lembah Pantai,3,Raja Nong Chik,3820,BN,25,29161
W.P. Kuala Lumpur,P.122 Seputeh,Seputeh,1,Teresa Kok,2769,DAP,18,61500
W.P. Kuala Lumpur,P.122 Seputeh,Seputeh,2,Nicole Wong Siaw Ting,3821,BN,25,9948
W.P. Kuala Lumpur,P.123 Cheras,Cheras,1,Steve Teoh Chee Hooi,3822,BN,25,10840
W.P. Kuala Lumpur,P.123 Cheras,Cheras,2,Tan Kok Wai,1825,DAP,18,48249
W.P. Kuala Lumpur,P.124 Bandar Tun Razak,Bandar Tun Razak,1,Sukeri Samat,3823,BEBAS,1,793
W.P. Kuala Lumpur,P.124 Bandar Tun Razak,Bandar Tun Razak,2,Mokhtar,3824,BEBAS,1,191
W.P. Kuala Lumpur,P.124 Bandar Tun Razak,Bandar Tun Razak,3,Tan Kok Eng,3825,BN,25,32235
W.P. Kuala Lumpur,P.124 Bandar Tun Razak,Bandar Tun Razak,4,Abdul Khalid Ibrahim,3467,PKR,11,44067
W.P. Putrajaya,P.125 Putrajaya,Putrajaya,1,Tengku Adnan Bin Tengku Mansor,3468,BN,25,9943
W.P. Putrajaya,P.125 Putrajaya,Putrajaya,2,Husam Musa,3826,PAS,3,4402
Negeri Sembilan,P.126 Jelebu,Jelebu,1,Zainudin Bin Ismail,3827,BN,25,22114
Negeri Sembilan,P.126 Jelebu,Jelebu,2,Aiman Athirah Al Jundi,3828,PAS,3,15013
Negeri Sembilan,P.127 Jempol,Jempol,1,Aishah,3829,PAS,3,22495
Negeri Sembilan,P.127 Jempol,Jempol,2,Isa Bin Abdul Samad,3830,BN,25,31124
Negeri Sembilan,P.128 Seremban,Seremban,1,Abdul Halim Abdullah,3831,BERJASA,34,6866
Negeri Sembilan,P.128 Seremban,Seremban,2,John Fernandez,3473,BEBAS,1,221
Negeri Sembilan,P.128 Seremban,Seremban,3,Bujang Bin Abu,3832,BEBAS,1,83
Negeri Sembilan,P.128 Seremban,Seremban,4,Loke Siew Fook,3477,DAP,18,45628
Negeri Sembilan,P.128 Seremban,Seremban,5,Yeow Chai Thiam,3476,BN,25,33075
Negeri Sembilan,P.129 Kuala Pilah,Kuala Pilah,1,Hasan Bin Malek,3474,BN,25,24507
Negeri Sembilan,P.129 Kuala Pilah,Kuala Pilah,2,Mohd Nazree Bin Mohd Yunus,3833,PKR,11,14846
Negeri Sembilan,P.130 Rasah,Rasah,1,Teo Eng Kian,3834,BN,25,25171
Negeri Sembilan,P.130 Rasah,Rasah,2,Teo Kok Seong,3835,DAP,18,49272
Negeri Sembilan,P.131 Rembau,Rembau,1,Abdul Aziz Bin Hassan,3836,BEBAS,1,325
Negeri Sembilan,P.131 Rembau,Rembau,2,Khairy Jamaluddin Abu Bakar,3478,BN,25,43053
Negeri Sembilan,P.131 Rembau,Rembau,3,Radzali A. Ghani,3837,PKR,11,24696
Negeri Sembilan,P.132 Telok Kemang,Port Dickson,1,A.K Kumaravel,3838,BEBAS,1,394
Negeri Sembilan,P.132 Telok Kemang,Port Dickson,2,Kamarul Baharin Abbas,3480,PKR,11,29848
Negeri Sembilan,P.132 Telok Kemang,Port Dickson,3,Vs Mogan,3839,BN,25,28269
Negeri Sembilan,P.133 Tampin,Tampin,1,Abdul Razakek,3482,PAS,3,18228
Negeri Sembilan,P.133 Tampin,Tampin,2,Shaziman Bin Abu Mansor,2778,BN,25,29390
Melaka,P.134 Masjid Tanah,Masjid Tanah,1,Mas Ermieyati,3840,BN,25,27688
Melaka,P.134 Masjid Tanah,Masjid Tanah,2,Nasaie Ismail,3841,PAS,3,11488
Melaka,P.135 Alor Gajah,Alor Gajah,1,Damian (Baba) Yeo,3842,DAP,18,20997
Melaka,P.135 Alor Gajah,Alor Gajah,2,Koh Nai Kwong,3843,BN,25,32594
Melaka,P.136 Tangga Batu,Tangga Batu,1,Abu Bakar Mohamad Diah,3844,BN,25,39468
Melaka,P.136 Tangga Batu,Tangga Batu,2,Rahim Bin Ali,3845,PKR,11,23835
Melaka,P.137 Bukit Katil,Hang Tuah Jaya,1,Shamsul Iskandar Mohd Akin,3142,PKR,11,46357
Melaka,P.137 Bukit Katil,Hang Tuah Jaya,2,Mohd Ali Bin Mohd Rustam,2474,BN,25,40624
Melaka,P.138 Kota Melaka,Kota Melaka,1,Yee Kok Wah,3846,BN,25,28775
Melaka,P.138 Kota Melaka,Kota Melaka,2,Sim Tong Him,3489,DAP,18,49521
Melaka,P.139 Jasin,Jasin,1,Rahmat Bin Yusof,3847,PKR,11,21973
Melaka,P.139 Jasin,Jasin,2,Ahmad Hamzah,3491,BN,25,33736
Johor,P.140 Segamat,Segamat,1,S. Subramaniam,985,BN,25,20037
Johor,P.140 Segamat,Segamat,2,Chua Jui Meng,1852,PKR,11,18820
Johor,P.141 Sekijang,Sekijang,1,Julailey Jemadi,3848,PKR,11,16927
Johor,P.141 Sekijang,Sekijang,2,Anuar Bin Abdul Manap,3849,BN,25,19934
Johor,P.142 Labis,Labis,1,S. Ramakrishnan,3850,DAP,18,15468
Johor,P.142 Labis,Labis,2,Chua Tee Yong,3493,BN,25,15821
Johor,P.143 Pagoh,Pagoh,1,Muhyiddin Bin Md Yasin,2797,BN,25,26274
Johor,P.143 Pagoh,Pagoh,2,Mohd Rozali Bin Jamil Al-Hafiz,3495,PAS,3,13432
Johor,P.144 Ledang,Ledang,1,Hamim Samuri,3153,BN,25,30619
Johor,P.144 Ledang,Ledang,2,Hassan Bin Abdul Karim,1860,PKR,11,28652
Johor,P.145 Bakri,Bakri,1,Lee Ching Yong,3851,BN,25,26051
Johor,P.145 Bakri,Bakri,2,Er Teck Hwa,3497,DAP,18,31118
Johor,P.146 Muar,Muar,1,Nor Hizwan Ahmad,3852,PKR,11,19221
Johor,P.146 Muar,Muar,2,Razali Bin Ibrahim,3498,BN,25,20867
Johor,P.147 Parit Sulong,Parit Sulong,1,Khairuddin A. Rahim,3853,PAS,3,18505
Johor,P.147 Parit Sulong,Parit Sulong,2,Noraini Ahmad,3501,BN,25,30258
Johor,P.148 Ayer Hitam,Ayer Hitam,1,Hu Pang Chaw,3854,PAS,3,14735
Johor,P.148 Ayer Hitam,Ayer Hitam,2,Wee Ka Siong,3502,BN,25,22045
Johor,P.149 Sri Gading,Sri Gading,1,Mohd Khuzzan Bin Abu Bakar,3855,PKR,11,16692
Johor,P.149 Sri Gading,Sri Gading,2,Aziz Kaprawi,3856,BN,25,22453
Johor,P.150 Batu Pahat,Batu Pahat,1,Idris Jusi,3857,PKR,11,38563
Johor,P.150 Batu Pahat,Batu Pahat,2,Mohd Puad Bin Zarkashi,3506,BN,25,37039
Johor,P.151 Simpang Renggam,Simpang Renggam,1,Suhaizan Bin Kaiat,3858,PAS,3,14048
Johor,P.151 Simpang Renggam,Simpang Renggam,2,Liang Teck Meng,3507,BN,25,19754
Johor,P.152 Kluang,Kluang,1,Hou Kok Chung,3509,BN,25,33215
Johor,P.152 Kluang,Kluang,2,Liew Chin Tong,3357,DAP,18,40574
Johor,P.153 Sembrong,Sembrong,1,Hishammuddin Tun Hussein,3510,BN,25,22841
Johor,P.153 Sembrong,Sembrong,2,Onn Bin Abu Bakar,3859,PKR,11,12210
Johor,P.154 Mersing,Mersing,1,Roslan,3860,PAS,3,10437
Johor,P.154 Mersing,Mersing,2,Abdul Latiff,3512,BN,25,26184
Johor,P.155 Tenggara,Tenggara,1,Halimah Binti Mohamed Sadique,3515,BN,25,25698
Johor,P.155 Tenggara,Tenggara,2,Muhamad Said,3861,PAS,3,8502
Johor,P.156 Kota Tinggi,Kota Tinggi,1,Onn Bin Jaafar,3517,PAS,3,5799
Johor,P.156 Kota Tinggi,Kota Tinggi,2,Ehsanuddin,3862,BN,25,30373
Johor,P.157 Pengerang,Pengerang,1,Dayangku Intan,3863,PKR,11,4484
Johor,P.157 Pengerang,Pengerang,2,Azalina Othman Said,3518,BN,25,26992
Johor,P.157 Pengerang,Pengerang,3,Mohd Azaman,3864,BEBAS,1,795
Johor,P.158 Tebrau,Tebrau,1,Steven Choong,3865,PKR,11,38218
Johor,P.158 Tebrau,Tebrau,2,Khoo Soo Seang,3866,BN,25,39985
Johor,P.159 Pasir Gudang,Pasir Gudang,1,Ahmad Faidhi B. Saidi,3867,PKR,11,42899
Johor,P.159 Pasir Gudang,Pasir Gudang,2,Normala Binti Abdul Samad,3868,BN,25,43834
Johor,P.160 Johor Bahru,Johor Bahru,1,Shahrir Abdul Samad,3522,BN,25,44509
Johor,P.160 Johor Bahru,Johor Bahru,2,Mohd Hashim Bin Hussein,3869,PKR,11,34014
Johor,P.161 Pulai,Pulai,1,Nur Jazlan Bin Mohamed,3524,BN,25,43751
Johor,P.161 Pulai,Pulai,2,Salahuddin Ayub,2958,PAS,3,40525
Johor,P.162 Gelang Patah,Iskandar Puteri,1,A. Ghani Bin Othman,1845,BN,25,39522
Johor,P.162 Gelang Patah,Iskandar Puteri,2,Lim Kit Siang,698,DAP,18,54284
Johor,P.163 Kulai,Kulai,1,Teo Nie Ching,3434,DAP,18,43338
Johor,P.163 Kulai,Kulai,2,Tay Chin Hein,3870,BN,25,29888
Johor,P.163 Kulai,Kulai,3,Surendiran,3871,BEBAS,1,238
Johor,P.164 Pontian,Pontian,1,Haniff @ Ghazali Hosman,3872,PKR,11,14077
Johor,P.164 Pontian,Pontian,2,Ahmad Maslan,3527,BN,25,27804
Johor,P.165 Tanjong Piai,Tanjung Piai,1,Wee Jeck Seng,3529,BN,25,25038
Johor,P.165 Tanjong Piai,Tanjung Piai,2,Mahdzir Ibrahim,3873,DAP,18,19581
W.P. Labuan,P.166 Labuan,Labuan,1,Ibrahim Bin Menudin,3874,PKR,11,6069
W.P. Labuan,P.166 Labuan,Labuan,2,Rozman Bin Isli,3875,BN,25,12694
W.P. Labuan,P.166 Labuan,Labuan,3,Hadnan Bin Mohamad,3876,PAS,3,386
Sabah,P.167 Kudat,Kudat,1,Mojurip Bin Diyun,3877,SAPP,66,963
Sabah,P.167 Kudat,Kudat,2,Rahimah Majid,3878,PKR,11,9507
Sabah,P.167 Kudat,Kudat,3,Abdul Rahim Bakri,3533,BN,25,21883
Sabah,P.167 Kudat,Kudat,4,Jutirim Bin Galibai Galabi,3879,STAR,64,3083
Sabah,P.168 Kota Marudu,Kota Marudu,1,Majamis Bin Timbong,3880,STAR,64,2228
Sabah,P.168 Kota Marudu,Kota Marudu,2,Panglima Maximus Johnity Ongkili,3537,BN,25,15168
Sabah,P.168 Kota Marudu,Kota Marudu,3,Yuntau K. Kolod,3881,SAPP,66,444
Sabah,P.168 Kota Marudu,Kota Marudu,4,Maijol Mahap,2826,PKR,11,14326
Sabah,P.169 Kota Belud,Kota Belud,1,Munirah Majilis,3882,PKR,11,16673
Sabah,P.169 Kota Belud,Kota Belud,2,Lamsil Hamidsor,3883,BEBAS,1,979
Sabah,P.169 Kota Belud,Kota Belud,3,Kanul Gindol,3884,BEBAS,1,185
Sabah,P.169 Kota Belud,Kota Belud,4,Abdul Rahman Bin Dahlan,3538,BN,25,21768
Sabah,P.169 Kota Belud,Kota Belud,5,Jalumin Bin Bayogoh,3885,STAR,64,2709
Sabah,P.170 Tuaran,Tuaran,1,Samin @ Jasmin Bin Dulin,3886,STAR,64,1509
Sabah,P.170 Tuaran,Tuaran,2,Erveana Ansari,3887,BEBAS,1,2264
Sabah,P.170 Tuaran,Tuaran,3,Panglima Wilfred Madius Tangau,3888,BN,25,20685
Sabah,P.170 Tuaran,Tuaran,4,Panglima Wilfred M. Bumburing,3541,PKR,11,15495
Sabah,P.171 Sepanggar,Sepanggar,1,Don Chin Hon Kiong,3889,SAPP,66,4070
Sabah,P.171 Sepanggar,Sepanggar,2,Daniel John Jambun,3890,STAR,64,1931
Sabah,P.171 Sepanggar,Sepanggar,3,Jeffrey Kumin,3891,DAP,18,13403
Sabah,P.171 Sepanggar,Sepanggar,4,Jumat Bin Idris,3892,BN,25,22845
Sabah,P.172 Kota Kinabalu,Kota Kinabalu,1,Chin Tek Ming,3546,BN,25,9557
Sabah,P.172 Kota Kinabalu,Kota Kinabalu,2,Liew Hock Leong @ Michael,3893,STAR,64,909
Sabah,P.172 Kota Kinabalu,Kota Kinabalu,3,Wong Sze Phin @ Jimmy,3894,DAP,18,28516
Sabah,P.173 Putatan,Putatan,1,Joseph Lee Han Kyun,3895,DAP,18,7958
Sabah,P.173 Putatan,Putatan,2,Marcus Makin Mojigoh,3547,BN,25,17465
Sabah,P.173 Putatan,Putatan,3,Duli @ Dullie Bin Mari @ Marie,3896,SAPP,66,1068
Sabah,P.173 Putatan,Putatan,4,Awang Ahmad Sah,3206,STAR,64,2604
Sabah,P.174 Penampang,Penampang,1,Bernard Giluk Dompok,1898,BN,25,12382
Sabah,P.174 Penampang,Penampang,2,Melanie Annol,3897,STAR,64,1119
Sabah,P.174 Penampang,Penampang,3,Darell Leiking,3898,PKR,11,22598
Sabah,P.175 Papar,Papar,1,Rosnah Hj Abdul Rashid Shirlin,3554,BN,25,21196
Sabah,P.175 Papar,Papar,2,Mohammad Yahya @ Yahya Bin Lampong,2510,PKR,11,10661
Sabah,P.175 Papar,Papar,3,Balon Bin Mujim,3899,STAR,64,838
Sabah,P.176 Kimanis,Kimanis,1,Anifah Aman,3558,BN,25,13754
Sabah,P.176 Kimanis,Kimanis,2,Jaafar Bin Ismail,3557,PKR,11,8031
Sabah,P.176 Kimanis,Kimanis,3,Jamil Bin William Core,3900,SAPP,66,650
Sabah,P.176 Kimanis,Kimanis,4,Lusin Bin Balangon,3901,STAR,64,240
Sabah,P.177 Beaufort,Beaufort,1,Guan Dee Bin Koh Hoi,3902,STAR,64,409
Sabah,P.177 Beaufort,Beaufort,2,Azizah Binti Mohd Dun,3903,BN,25,12827
Sabah,P.177 Beaufort,Beaufort,3,Lajim Bin Ukin (Panglima),3562,PKR,11,12155
Sabah,P.178 Sipitang,Sipitang,1,Sapawi Bin Amat Wasali @ Ahmad,3563,BN,25,16377
Sabah,P.178 Sipitang,Sipitang,2,Kamis Bin Daming,3904,SAPP,66,505
Sabah,P.178 Sipitang,Sipitang,3,Ramle B. Dua,3905,PKR,11,6908
Sabah,P.179 Ranau,Ranau,1,Jonathan Bin Yasin,3566,PKR,11,11823
Sabah,P.179 Ranau,Ranau,2,Yazid Bin Sahjinan,3906,BEBAS,1,914
Sabah,P.179 Ranau,Ranau,3,Ewon Ebin,3907,BN,25,15434
Sabah,P.179 Ranau,Ranau,4,Julianah Binti Situn @ Widya Julia,3908,STAR,64,2559
Sabah,P.180 Keningau,Keningau,1,Jeffrey Kitingan,5103,STAR,64,11900
Sabah,P.180 Keningau,Keningau,2,Joseph Pairin Kitingan,1895,BN,25,15818
Sabah,P.180 Keningau,Keningau,3,Stephen Sandor,3909,PKR,11,7825
Sabah,P.181 Tenom,Tenom,1,Raime Bin Unggi,3572,BN,25,9771
Sabah,P.181 Tenom,Tenom,2,Mutang @ Sylvester Bin Dawat,3571,KITA,29,423
Sabah,P.181 Tenom,Tenom,3,Jimmy Jawatah,3910,SAPP,66,1766
Sabah,P.181 Tenom,Tenom,4,Masdin Bin Tumas,3911,PKR,11,5885
Sabah,P.181 Tenom,Tenom,5,Hasmin Azroy Abdullah,3912,STAR,64,2449
Sabah,P.182 Pensiangan,Pensiangan,1,Martin Tomy @ Tommy,3224,STAR,64,3554
Sabah,P.182 Pensiangan,Pensiangan,2,Richard Sakian Bin Gunting,3913,PKR,11,7723
Sabah,P.182 Pensiangan,Pensiangan,3,Joseph Kurup,3573,BN,25,9467
Sabah,P.182 Pensiangan,Pensiangan,4,Fatimah Binti Agitor @ Mohd Daud,3914,BEBAS,1,152
Sabah,P.183 Beluran,Beluran,1,Ronald Kiandee,2857,BN,25,13174
Sabah,P.183 Beluran,Beluran,2,Raimon Bin Lanjat,3915,STAR,64,1460
Sabah,P.183 Beluran,Beluran,3,James Bin Miki,3916,PKR,11,3186
Sabah,P.183 Beluran,Beluran,4,Kamaruddin Bin Mustapha,3917,BEBAS,1,542
Sabah,P.184 Libaran,Libaran,1,Juslie Ajirol,3226,BN,25,19584
Sabah,P.184 Libaran,Libaran,2,Sahar Bin Saka,3918,BEBAS,1,3219
Sabah,P.184 Libaran,Libaran,3,Mohd Serman,3919,PKR,11,7998
Sabah,P.184 Libaran,Libaran,4,Rosnah Binti Unsari,3920,STAR,64,502
Sabah,P.185 Batu Sapi,Batu Sapi,1,Hamzah Bin Abdullah,3921,PAS,3,9287
Sabah,P.185 Batu Sapi,Batu Sapi,2,Linda Tsen Thau Lin,3922,BN,25,13085
Sabah,P.185 Batu Sapi,Batu Sapi,3,Saiful Bahari Rashada Bin Ahmad,3923,STAR,64,410
Sabah,P.186 Sandakan,Sandakan,1,Liew Vui Keong,3581,BN,25,13138
Sabah,P.186 Sandakan,Sandakan,2,Stephen Wong Tien Fatt,3924,DAP,18,14226
Sabah,P.187 Kinabatangan,Kinabatangan,1,Abdullah Bin Abdul Sani,3925,PKR,11,3646
Sabah,P.187 Kinabatangan,Kinabatangan,2,Bung Moktar Radin,2861,BN,25,13377
Sabah,P.187 Kinabatangan,Kinabatangan,3,Ali Latip Bin Taha,2862,BEBAS,1,1130
Sabah,P.187 Kinabatangan,Kinabatangan,4,Yambuya Bin Parantis @ Cyril Pongod,3926,STAR,64,1153
Sabah,P.188 Silam,Lahad Datu,1,Apas @ Nawawie Bin Saking,3927,STAR,64,841
Sabah,P.188 Silam,Lahad Datu,2,Badrulamin Bahron,3065,PKR,11,9671
Sabah,P.188 Silam,Lahad Datu,3,Nasrun Bin Mansur,3928,BN,25,23058
Sabah,P.188 Silam,Lahad Datu,4,Dumi Bin Pg. Masdal,3929,BEBAS,1,4959
Sabah,P.189 Semporna,Semporna,1,Mohd Shafie Apdal,3585,BN,25,25559
Sabah,P.189 Semporna,Semporna,2,Zamree @ Mohd Suffian B Abdul Habi,3930,PKR,11,4654
Sabah,P.189 Semporna,Semporna,3,Badaruddin Tun Mustapha,3931,BEBAS,1,325
Sabah,P.190 Tawau,Tawau,1,Mary Yap Kain Ching,3932,BN,25,21331
Sabah,P.190 Tawau,Tawau,2,Kong Hong Ming,2867,PKR,11,16352
Sabah,P.190 Tawau,Tawau,3,Chua Soon Bui,2550,SAPP,66,633
Sabah,P.190 Tawau,Tawau,4,Ahmad Awang,3011,BEBAS,1,553
Sabah,P.191 Kalabakan,Kalabakan,1,Mohd Bin Manuke,3933,BEBAS,1,1313
Sabah,P.191 Kalabakan,Kalabakan,2,Malvine Reyes,3934,STAR,64,603
Sabah,P.191 Kalabakan,Kalabakan,3,Abdul Ghapur Bin Salleh,3238,BN,25,23125
Sabah,P.191 Kalabakan,Kalabakan,4,Freddie Japat Anak Simol,3935,BEBAS,1,137
Sabah,P.191 Kalabakan,Kalabakan,5,Usman Madeaming,3936,PAS,3,8904
Sabah,P.191 Kalabakan,Kalabakan,6,Yahya Bin Zainal,3937,BEBAS,1,132
Sabah,P.191 Kalabakan,Kalabakan,7,Siamsir Bin Borhan,3938,BEBAS,1,891
Sarawak,P.192 Mas Gading,Mas Gading,1,Nogeh Anak Gumbek,3939,BN,25,8265
Sarawak,P.192 Mas Gading,Mas Gading,2,Patrick Anek Uren,1617,STAR,64,462
Sarawak,P.192 Mas Gading,Mas Gading,3,Mordi Bimol,3940,DAP,18,5293
Sarawak,P.192 Mas Gading,Mas Gading,4,Tiki Lafe,3591,BEBAS,1,6109
Sarawak,P.193 Santubong,Santubong,1,Wan Junaidi Bin Tuanku Jaafar,2242,BN,25,24655
Sarawak,P.193 Santubong,Santubong,2,Affendi Bin Jeman,3941,BEBAS,1,233
Sarawak,P.193 Santubong,Santubong,3,Zulrusdi Bin Mohamad Hol,2877,PKR,11,3719
Sarawak,P.193 Santubong,Santubong,4,Mura Bin Kadir,3942,STAR,64,206
Sarawak,P.194 Petra Jaya,Petra Jaya,1,Ahmad Nazib Bin Johari,3943,PKR,11,8116
Sarawak,P.194 Petra Jaya,Petra Jaya,2,Fadillah Hj Yusof,3242,BN,25,29559
Sarawak,P.195 Bandar Kuching,Bandar Kuching,1,Tan Kai,3944,BN,25,10491
Sarawak,P.195 Bandar Kuching,Bandar Kuching,2,Chong Chieng Jen,2874,DAP,18,30133
Sarawak,P.196 Stampin,Stampin,1,Yong Khoon Seng,2232,BN,25,22993
Sarawak,P.196 Stampin,Stampin,2,Julian Tan Kok Ping,3945,DAP,18,41663
Sarawak,P.196 Stampin,Stampin,3,Soo Lina,3946,STAR,64,239
Sarawak,P.197 Kota Samarahan,Kota Samarahan,1,Rubiah Wang,3947,BN,25,24202
Sarawak,P.197 Kota Samarahan,Kota Samarahan,2,Abang Ahmad,3948,PAS,3,6801
Sarawak,P.198 Mambong,Puncak Borneo,1,Willie Mongin,3949,PKR,11,10740
Sarawak,P.198 Mambong,Puncak Borneo,2,Dripin Anak Sakoi,3950,STAR,64,704
Sarawak,P.198 Mambong,Puncak Borneo,3,James Dawos Anak Mamit,3599,BN,25,20461
Sarawak,P.199 Serian,Serian,1,Edward Andrew Luwak,3951,DAP,18,6343
Sarawak,P.199 Serian,Serian,2,Johnny Bob Anak Aput,3952,STAR,64,390
Sarawak,P.199 Serian,Serian,3,Richard Riot Anak Jaem,2236,BN,25,19494
Sarawak,P.200 Batang Sadong,Batang Sadong,1,Mohamad Bin Jolhi,3594,PAS,3,2017
Sarawak,P.200 Batang Sadong,Batang Sadong,2,Nancy Shukri,3603,BN,25,13277
Sarawak,P.201 Batang Lupar,Batang Lupar,1,Abg. Zulkifli Abg. Engkeh,3953,PKR,11,4661
Sarawak,P.201 Batang Lupar,Batang Lupar,2,Rohani Karim,2230,BN,25,15625
Sarawak,P.202 Sri Aman,Sri Aman,1,Nicholas Mujah Anak Ason,3954,PKR,11,5618
Sarawak,P.202 Sri Aman,Sri Aman,2,Masir Kujat,3607,BN,25,12168
Sarawak,P.202 Sri Aman,Sri Aman,3,Wilfred Landong,3955,SWP,69,476
Sarawak,P.202 Sri Aman,Sri Aman,4,Donald Lawan,1940,BEBAS,1,3867
Sarawak,P.203 Lubok Antu,Lubok Antu,1,Nicholas Bawin Anggat,3608,PKR,11,2530
Sarawak,P.203 Lubok Antu,Lubok Antu,2,William Nyallau,3609,BN,25,8278
Sarawak,P.203 Lubok Antu,Lubok Antu,3,Larry Soon @ Larry Sng Wei Shien,3956,SWP,69,4187
Sarawak,P.204 Betong,Betong,1,Douglas Uggah Embas,3254,BN,25,15476
Sarawak,P.204 Betong,Betong,2,Cecilia Siti Una,3957,PKR,11,4589
Sarawak,P.205 Saratok,Saratok,1,Ali Biju,3958,PKR,11,9519
Sarawak,P.205 Saratok,Saratok,2,Roseli Paleng,3959,BEBAS,1,681
Sarawak,P.205 Saratok,Saratok,3,William Mawan Ikom,2254,BN,25,11600
Sarawak,P.206 Tanjong Manis,Tanjong Manis,1,Kak Jue,3960,PAS,3,1571
Sarawak,P.206 Tanjong Manis,Tanjong Manis,2,Norah Tun Abdul Rahman,3612,BN,25,12535
Sarawak,P.207 Igan,Igan,1,Abdul Wahabdul Bin Dolah,3613,BN,25,11896
Sarawak,P.207 Igan,Igan,2,Ajiji Fauzan,3961,PAS,3,1747
Sarawak,P.208 Sarikei,Sarikei,1,Ding Kuong Hiing,3615,BN,25,13758
Sarawak,P.208 Sarikei,Sarikei,2,Wong Ling Biu,3962,DAP,18,14263
Sarawak,P.209 Julau,Julau,1,Wong Anak Judat,3963,SWP,69,3936
Sarawak,P.209 Julau,Julau,2,Andy Wong Hong Yu,3964,PKR,11,2852
Sarawak,P.209 Julau,Julau,3,Joseph Salang Anak Gandum,2894,BN,25,9891
Sarawak,P.210 Kanowit,Kanowit,1,Ellison Ludan,3965,SWP,69,417
Sarawak,P.210 Kanowit,Kanowit,2,Thomas Laja Anak Besi,3966,PKR,11,5004
Sarawak,P.210 Kanowit,Kanowit,3,Aaron Ago Anak Dagang,3265,BN,25,8046
Sarawak,P.211 Lanang,Lanang,1,Tiong Thai King,2574,BN,25,17983
Sarawak,P.211 Lanang,Lanang,2,Alice Lau Kiong Yieng,3967,DAP,18,26613
Sarawak,P.212 Sibu,Sibu,1,Vincent Lau Lee Ming,3968,BN,25,23967
Sarawak,P.212 Sibu,Sibu,2,Oscar Ling Chai Yew,3969,DAP,18,26808
Sarawak,P.212 Sibu,Sibu,3,Narawi Bin Haron,2575,BEBAS,1,203
Sarawak,P.213 Mukah,Mukah,1,Sylvester Ajah Subah,3970,BEBAS,1,2219
Sarawak,P.213 Mukah,Mukah,2,Hai Bin Merawin @ Bonaventure,3620,DAP,18,2219
Sarawak,P.213 Mukah,Mukah,3,Muhammad Leo Michael Toyad,1644,BN,25,14983
Sarawak,P.214 Selangau,Selangau,1,Joseph Entulu Belaun,3270,BN,25,12040
Sarawak,P.214 Selangau,Selangau,2,Sng Chee Hua,2572,SWP,69,4485
Sarawak,P.214 Selangau,Selangau,3,Joshua Jabeng,3971,PKR,11,3891
Sarawak,P.215 Kapit,Kapit,1,Alexander Nanta Linggi,2903,BN,25,13446
Sarawak,P.215 Kapit,Kapit,2,Ramli Anak Malaka,3972,DAP,18,3715
Sarawak,P.216 Hulu Rajang,Hulu Rajang,1,George Anak Lagong,3621,SWP,69,2129
Sarawak,P.216 Hulu Rajang,Hulu Rajang,2,Abun Sui Anyit,3973,PKR,11,3283
Sarawak,P.216 Hulu Rajang,Hulu Rajang,3,Wilson Ugak Anak Kumbong,3974,BN,25,9117
Sarawak,P.217 Bintulu,Bintulu,1,Tiong King Sing,3622,BN,25,26458
Sarawak,P.217 Bintulu,Bintulu,2,John Brian Anthony,3975,DAP,18,19025
Sarawak,P.218 Sibuti,Sibuti,1,Robby Zaid Tandang,3976,PAS,3,7282
Sarawak,P.218 Sibuti,Sibuti,2,Ahmad Lai Bin Bujang,3624,BN,25,13348
Sarawak,P.219 Miri,Miri,1,Michael Teo Yu Keng,3625,PKR,11,26909
Sarawak,P.219 Miri,Miri,2,Sebastian Ting Chiew Yew,3977,BN,25,24917
Sarawak,P.219 Miri,Miri,3,Chong Kon Fatt,2585,STAR,64,306
Sarawak,P.220 Baram,Baram,1,Anyi Ngau,3978,BN,25,9182
Sarawak,P.220 Baram,Baram,2,Patrick Sibat,3979,BEBAS,1,363
Sarawak,P.220 Baram,Baram,3,Roland Engan,3980,PKR,11,8988
Sarawak,P.221 Limbang,Limbang,1,Baru Bian,3981,PKR,11,4698
Sarawak,P.221 Limbang,Limbang,2,Hasbi Bin Habibollah,3627,BN,25,12999
Sarawak,P.222 Lawas,Lawas,1,Henry Sum Agong,2912,BN,25,9928
Sarawak,P.222 Lawas,Lawas,2,Bob Baru Langub,3982,DAP,18,3898
Sarawak,P.222 Lawas,Lawas,3,Alirahman Bin Kamseh,3983,STAR,64,69
