state,parlimen,area_name,ballot_order,name,candidate_uid,party,party_uid,votes
Perlis,P.001 Padang Besar,Padang Besar,1,Izizam Bin Ibrahim,3984,PKR,11,13594
Perlis,P.001 Padang Besar,Padang Besar,2,Zahidi Bin Zainul Abidin,3630,BN,25,15032
Perlis,P.001 Padang Besar,Padang Besar,3,Mokhtar Senik,3985,PAS,3,7874
Perlis,P.002 Kangar,Kangar,1,Amin Ahmad,3986,PKR,11,20909
Perlis,P.002 Kangar,Kangar,2,Ramli Shariff,3987,BN,25,15306
Perlis,P.002 Kangar,Kangar,3,Zahid Ibrahim,3988,PAS,3,8465
Perlis,P.003 Arau,Arau,1,Hashim Jasin,3989,PAS,3,11362
Perlis,P.003 Arau,Arau,2,Abdul Rahman Bin Daud,1394,PKR,11,11691
Perlis,P.003 Arau,Arau,3,Shahidan Bin Kassim,1665,BN,25,16547
Kedah,P.004 Langkawi,Langkawi,1,Zubir Bin Ahmad,3990,PAS,3,5512
Kedah,P.004 Langkawi,Langkawi,2,Mahathir Bin Mohamad,375,PKR,11,18954
Kedah,P.004 Langkawi,Langkawi,3,Nawawi Bin Ahmad,3635,BN,25,10061
Kedah,P.005 Jerlun,Jerlun,1,Abdul Ghani Bin Ahmad,3991,PAS,3,12829
Kedah,P.005 Jerlun,Jerlun,2,Othman Bin Aziz,3638,BN,25,12413
Kedah,P.005 Jerlun,Jerlun,3,Mukhriz Mahathir,3288,PKR,11,18695
Kedah,P.006 Kubang Pasu,Kubang Pasu,1,Mohd Johari Bin Baharum,3290,BN,25,16975
Kedah,P.006 Kubang Pasu,Kubang Pasu,2,Amiruddin Hamzah,3992,PKR,11,29984
Kedah,P.006 Kubang Pasu,Kubang Pasu,3,Norhafiza Binti Fadzil,3993,PAS,3,13375
Kedah,P.007 Padang Terap,Padang Terap,1,Azam Bin Aziz,3994,PAS,3,15285
Kedah,P.007 Padang Terap,Padang Terap,2,Khairizal Khazali,3995,PKR,11,7254
Kedah,P.007 Padang Terap,Padang Terap,3,Mahdzir Khalid,3641,BN,25,16384
Kedah,P.008 Pokok Sena,Pokok Sena,1,Mahfuz Omar,2928,PKR,11,28959
Kedah,P.008 Pokok Sena,Pokok Sena,2,Said Ali Bin Syed Rastan,3996,BN,25,18390
Kedah,P.008 Pokok Sena,Pokok Sena,3,Radhi Mat Din,3997,PAS,3,23401
Kedah,P.009 Alor Setar,Alor Setar,1,Aminur Shafiq,3998,PAS,3,17275
Kedah,P.009 Alor Setar,Alor Setar,2,Yoo Wei How,3999,BN,25,14181
Kedah,P.009 Alor Setar,Alor Setar,3,Chan Ming Kai,4000,PKR,11,32475
Kedah,P.010 Kuala Kedah,Kuala Kedah,1,Muhamad Riduan Bin Othman,4001,PAS,3,23143
Kedah,P.010 Kuala Kedah,Kuala Kedah,2,Abdullah Hasnan Bin Kamaruddin,4002,BN,25,19400
Kedah,P.010 Kuala Kedah,Kuala Kedah,3,Azman Ismail,3409,PKR,11,36624
Kedah,P.011 Pendang,Pendang,1,Othman Bin Abdul,1676,BN,25,20728
Kedah,P.011 Pendang,Pendang,2,Awang Solahudin,4003,PAS,3,26536
Kedah,P.011 Pendang,Pendang,3,Wan Saiful Wan Jan,4004,PKR,11,14901
Kedah,P.011 Pendang,Pendang,4,Penghulu Malik,4005,BEBAS,1,81
Kedah,P.012 Jerai,Jerai,1,Sabri Bin Azit,4006,PAS,3,22312
Kedah,P.012 Jerai,Jerai,2,Jamil Khir Bin Baharom,3646,BN,25,21773
Kedah,P.012 Jerai,Jerai,3,Akhramsyah Bin Sanusi Junid,4007,PKR,11,21651
Kedah,P.013 Sik,Sik,1,Tarmizi Sulaiman,4008,PAS,3,20088
Kedah,P.013 Sik,Sik,2,Mansor Bin Abdul Rahman,3647,BN,25,14870
Kedah,P.013 Sik,Sik,3,Azli Che Uda,4009,PKR,11,6970
Kedah,P.014 Merbok,Merbok,1,Nurin Aina,3649,PKR,11,30902
Kedah,P.014 Merbok,Merbok,2,Ahmad Fauzi,4010,PAS,3,19618
Kedah,P.014 Merbok,Merbok,3,Tajul Urus Mat Zain,3301,BN,25,20830
Kedah,P.015 Sungai Petani,Sungai Petani,1,Johari Abdul,3304,PKR,11,45532
Kedah,P.015 Sungai Petani,Sungai Petani,2,Sharir Long,4011,PAS,3,22760
Kedah,P.015 Sungai Petani,Sungai Petani,3,Shahanim Binti Mohamad Yusoff,4012,BN,25,23963
Kedah,P.015 Sungai Petani,Sungai Petani,4,P. Sritharan,4013,PRM,57,279
Kedah,P.016 Baling,Baling,1,Hassan Bin Saad,4014,PAS,3,37483
Kedah,P.016 Baling,Baling,2,Mohd Taufik Bin Hj Yaacob,4015,PKR,11,14472
Kedah,P.016 Baling,Baling,3,Azeez Rahim,3305,BN,25,38557
Kedah,P.017 Padang Serai,Padang Serai,1,Karupaiya Mutusami,4016,PKR,11,31724
Kedah,P.017 Padang Serai,Padang Serai,2,Muhamad Sobri Bin Osman,4017,PAS,3,22911
Kedah,P.017 Padang Serai,Padang Serai,3,Leong Yong Kong,4018,BN,25,15449
Kedah,P.018 Kulim-Bandar Baharu,Kulim-Bandar Baharu,1,Abdul Aziz Sheikh Fadzir,3310,BN,25,18299
Kedah,P.018 Kulim-Bandar Baharu,Kulim-Bandar Baharu,2,Saifuddin Nasution Ismail,2615,PKR,11,23159
Kedah,P.018 Kulim-Bandar Baharu,Kulim-Bandar Baharu,3,Hassan Razak,4019,PAS,3,12885
Kelantan,P.019 Tumpat,Tumpat,1,Wan Johani Bin Wan Hussin,4020,BN,25,29541
Kelantan,P.019 Tumpat,Tumpat,2,Nordin Bin Salleh,4021,PKR,11,10003
Kelantan,P.019 Tumpat,Tumpat,3,Che Lah Mat Nawi,4022,PAS,3,47041
Kelantan,P.020 Pengkalan Chepa,Pengkalan Chepa,1,Marzuk Shaary,3667,PAS,3,32592
Kelantan,P.020 Pengkalan Chepa,Pengkalan Chepa,2,Zaluzi Bin Sulaiman,4023,BN,25,19360
Kelantan,P.020 Pengkalan Chepa,Pengkalan Chepa,3,Mohamad Bin Ibrahim,113,PKR,11,7435
Kelantan,P.021 Kota Bharu,Kota Bharu,1,Husam Musa,3826,PKR,11,22422
Kelantan,P.021 Kota Bharu,Kota Bharu,2,Fikhran Hamshi,4024,BN,25,16256
Kelantan,P.021 Kota Bharu,Kota Bharu,3,Takiyuddin,3661,PAS,3,28291
Kelantan,P.022 Pasir Mas,Pasir Mas,1,Che Ujang,4025,PKR,11,5093
Kelantan,P.022 Pasir Mas,Pasir Mas,2,Nor Azmawi @ Bawi,4026,BN,25,15005
Kelantan,P.022 Pasir Mas,Pasir Mas,3,Fadhli Shaari,4027,PAS,3,28080
Kelantan,P.022 Pasir Mas,Pasir Mas,4,Ibrahim Bin Ali,1692,BEBAS,1,5373
Kelantan,P.023 Rantau Panjang,Rantau Panjang,1,Kak Lah,3318,PAS,3,24581
Kelantan,P.023 Rantau Panjang,Rantau Panjang,2,Abdullah Bin Mat Yasim,2321,BN,25,18431
Kelantan,P.023 Rantau Panjang,Rantau Panjang,3,Wan Shah Jihan Bin Wan Din,4028,PKR,11,5361
Kelantan,P.024 Kubang Kerian,Kubang Kerian,1,Abdul Halim Bin Yusof,4029,PKR,11,11557
Kelantan,P.024 Kubang Kerian,Kubang Kerian,2,Muhammad Abdul Ghani,4030,BN,25,16251
Kelantan,P.024 Kubang Kerian,Kubang Kerian,3,Ibrahim,4031,PAS,3,35620
Kelantan,P.025 Bachok,Bachok,1,Mohd Zulkifli Bin Haji Zakaria,4032,PKR,11,4880
Kelantan,P.025 Bachok,Bachok,2,Nik Abduh,3663,PAS,3,36188
Kelantan,P.025 Bachok,Bachok,3,Awang,3323,BN,25,32896
Kelantan,P.026 Ketereh,Ketereh,1,Wan Ismail Bin Wan Jusoh,4033,PAS,3,20841
Kelantan,P.026 Ketereh,Ketereh,2,Radzi Jidin,4034,PKR,11,6799
Kelantan,P.026 Ketereh,Ketereh,3,Annuar Musa,3324,BN,25,25467
Kelantan,P.027 Tanah Merah,Tanah Merah,1,Ikmal Hisham Bin Abdul Aziz,3670,BN,25,28152
Kelantan,P.027 Tanah Merah,Tanah Merah,2,Johari Mat,4035,PAS,3,25223
Kelantan,P.027 Tanah Merah,Tanah Merah,3,Mohamad Fauzi Bin Zakaria,4036,PKR,11,4747
Kelantan,P.028 Pasir Puteh,Pasir Puteh,1,Asyraf Wajdi Dusuki,3312,BN,25,30947
Kelantan,P.028 Pasir Puteh,Pasir Puteh,2,Nik Zawawi,4037,PAS,3,32307
Kelantan,P.028 Pasir Puteh,Pasir Puteh,3,Kamarudin (Abe Din),4038,PKR,11,4896
Kelantan,P.029 Machang,Machang,1,Zulkifli Mamat,4039,PAS,3,23252
Kelantan,P.029 Machang,Machang,2,Sazmi,3331,PKR,11,5695
Kelantan,P.029 Machang,Machang,3,Jazlan,3673,BN,25,26076
Kelantan,P.030 Jeli,Jeli,1,Mustapa Bin Mohamed,2333,BN,25,21665
Kelantan,P.030 Jeli,Jeli,2,Azran Bin Deraman,4040,PKR,11,2078
Kelantan,P.030 Jeli,Jeli,3,Mohamad Bin Hamid,4041,PAS,3,15018
Kelantan,P.031 Kuala Krai,Kuala Krai,1,Ramzi Bin Ab Rahman,4042,BN,25,20911
Kelantan,P.031 Kuala Krai,Kuala Krai,2,Latiff,4043,PAS,3,28903
Kelantan,P.031 Kuala Krai,Kuala Krai,3,Mohd Yazid Bin Abdullah,4044,PKR,11,5173
Kelantan,P.032 Gua Musang,Gua Musang,1,Abdullah Bin Hussein,4045,PAS,3,15513
Kelantan,P.032 Gua Musang,Gua Musang,2,Abe Nor,4046,PKR,11,4997
Kelantan,P.032 Gua Musang,Gua Musang,3,Tengku Razaleigh Hamzah,872,BN,25,19426
Terengganu,P.033 Besut,Besut,1,Wan Nazari,4047,PKR,11,6864
Terengganu,P.033 Besut,Besut,2,Idris Jusoh,3676,BN,25,34335
Terengganu,P.033 Besut,Besut,3,Riduan Mohamad Nor,3677,PAS,3,29736
Terengganu,P.034 Setiu,Setiu,1,Mohd Jidin Bin Shafee,3338,BN,25,32218
Terengganu,P.034 Setiu,Setiu,2,Zukirnain Abdul Kadir,4048,PAS,3,35020
Terengganu,P.034 Setiu,Setiu,3,Mohd Faudzi Bin Musa,4049,PKR,11,4740
Terengganu,P.035 Kuala Nerus,Kuala Nerus,1,Abdullah Bin Mohamed,4050,PKR,11,4604
Terengganu,P.035 Kuala Nerus,Kuala Nerus,2,Khairuddin Takiri,3680,PAS,3,37974
Terengganu,P.035 Kuala Nerus,Kuala Nerus,3,Tengku Asmadi,4051,BN,25,29527
Terengganu,P.036 Kuala Terengganu,Kuala Terengganu,1,Amzad Hashim,4052,PAS,3,42988
Terengganu,P.036 Kuala Terengganu,Kuala Terengganu,2,Raja Bahrin,3682,PKR,11,15380
Terengganu,P.036 Kuala Terengganu,Kuala Terengganu,3,Wan Nawawi Bin Wan Ismail,4053,BN,25,28215
Terengganu,P.037 Marang,Marang,1,Zarawi Bin Sulong,4054,PKR,11,5138
Terengganu,P.037 Marang,Marang,2,Mohamad Nor Bin Endot,4055,BN,25,31795
Terengganu,P.037 Marang,Marang,3,Abdul Hadi Bin Awang,1712,PAS,3,53749
Terengganu,P.038 Hulu Terengganu,Hulu Terengganu,1,Razali Idris,4056,PKR,11,3364
Terengganu,P.038 Hulu Terengganu,Hulu Terengganu,2,Rosol Bin Wahid,4057,BN,25,30925
Terengganu,P.038 Hulu Terengganu,Hulu Terengganu,3,Muhyidin Abdul Rashid,2983,PAS,3,28057
Terengganu,P.039 Dungun,Dungun,1,Din Bin Adam,4058,BN,25,27731
Terengganu,P.039 Dungun,Dungun,2,Wan Hassan Mohd Ramli,3686,PAS,3,40850
Terengganu,P.039 Dungun,Dungun,3,Abdul Rahman Yusof,2987,PKR,11,6833
Terengganu,P.040 Kemaman,Kemaman,1,Alias Abdul Hamid,4059,PAS,3,39878
Terengganu,P.040 Kemaman,Kemaman,2,Mohd Huzaifah Md. Suhaimi,4060,PKR,11,12911
Terengganu,P.040 Kemaman,Kemaman,3,Ahmad Shabery Cheek,2986,BN,25,37715
Pulau Pinang,P.041 Kepala Batas,Kepala Batas,1,Reezal Merican B Naina Merican,3689,BN,25,22459
Pulau Pinang,P.041 Kepala Batas,Kepala Batas,2,Zaidi Bin Zakaria,4061,PKR,11,17723
Pulau Pinang,P.041 Kepala Batas,Kepala Batas,3,Siti Mastura Muhammad,4062,PAS,3,12120
Pulau Pinang,P.042 Tasek Gelugor,Tasek Gelugor,1,Shabudin Yahaya,3692,BN,25,18547
Pulau Pinang,P.042 Tasek Gelugor,Tasek Gelugor,2,Marzuki Bin Yahya,4063,PKR,11,18466
Pulau Pinang,P.042 Tasek Gelugor,Tasek Gelugor,3,Rizal Hafiz Bin Ruslan,4064,PAS,3,14891
Pulau Pinang,P.043 Bagan,Bagan,1,Huan Cheng Guan @ Huan,3702,PCM,67,502
Pulau Pinang,P.043 Bagan,Bagan,2,Lim Guan Eng,1839,PKR,11,51653
Pulau Pinang,P.043 Bagan,Bagan,3,Koay Xing Boon,4065,MU,79,181
Pulau Pinang,P.043 Bagan,Bagan,4,Lee Beng Seng,4066,BN,25,7751
Pulau Pinang,P.044 Permatang Pauh,Permatang Pauh,1,Nurul Izzah Anwar,3464,PKR,11,35534
Pulau Pinang,P.044 Permatang Pauh,Permatang Pauh,2,Afnan Hamimi B. Taib Azamudden,3690,PAS,3,14428
Pulau Pinang,P.044 Permatang Pauh,Permatang Pauh,3,Mohd Zaidi Mohd Said,4067,BN,25,19866
Pulau Pinang,P.045 Bukit Mertajam,Bukit Mertajam,1,Gui Guat Lye,3698,BN,25,10907
Pulau Pinang,P.045 Bukit Mertajam,Bukit Mertajam,2,Sim Chee Keong,3699,PKR,11,63784
Pulau Pinang,P.046 Batu Kawan,Batu Kawan,1,Ooi Khar Giap,4068,PFP,82,256
Pulau Pinang,P.046 Batu Kawan,Batu Kawan,2,Jayanthi Devi Balaguru,3814,BN,25,9130
Pulau Pinang,P.046 Batu Kawan,Batu Kawan,3,Jay Kumar,4069,PAS,3,2636
Pulau Pinang,P.046 Batu Kawan,Batu Kawan,4,Kasthuriraani Patto,3701,PKR,11,42683
Pulau Pinang,P.047 Nibong Tebal,Nibong Tebal,1,Mansor Othman,3705,PKR,11,35395
Pulau Pinang,P.047 Nibong Tebal,Nibong Tebal,2,Shaik Hussein Bin Mydin,4070,BN,25,19578
Pulau Pinang,P.047 Nibong Tebal,Nibong Tebal,3,Tan Tee Beng,3355,BEBAS,1,331
Pulau Pinang,P.047 Nibong Tebal,Nibong Tebal,4,Mohd Helmi Bin Harun,4071,PAS,3,6875
Pulau Pinang,P.048 Bukit Bendera,Bukit Bendera,1,Wong Hon Wai,4072,PKR,11,50049
Pulau Pinang,P.048 Bukit Bendera,Bukit Bendera,2,Tan Gin Theam,4073,MU,79,339
Pulau Pinang,P.048 Bukit Bendera,Bukit Bendera,3,Andy Yong Kim Seng,4074,BN,25,9318
Pulau Pinang,P.049 Tanjong,Tanjong,1,Ng Siew Lai,4075,BN,25,5064
Pulau Pinang,P.049 Tanjong,Tanjong,2,Chow Kon Yeow,2665,PKR,11,34663
Pulau Pinang,P.050 Jelutong,Jelutong,1,Baljit Singh,4076,BN,25,12529
Pulau Pinang,P.050 Jelutong,Jelutong,2,Sanisvara Netrayer A/L Rajaji,4077,PKR,11,50700
Pulau Pinang,P.050 Jelutong,Jelutong,3,Tan Sim Bee,4078,MU,79,437
Pulau Pinang,P.051 Bukit Gelugor,Bukit Gelugor,1,Low Joo Hiap,4079,BN,25,9671
Pulau Pinang,P.051 Bukit Gelugor,Bukit Gelugor,2,Ramkarpal Singh A/L Karpal Singh,4080,PKR,11,65622
Pulau Pinang,P.051 Bukit Gelugor,Bukit Gelugor,3,Lai Xue Ching,4081,MU,79,412
Pulau Pinang,P.052 Bayan Baru,Bayan Baru,1,David Yim Boon Leong,4082,MU,79,733
Pulau Pinang,P.052 Bayan Baru,Bayan Baru,2,Sim Tze Tzin,3712,PKR,11,51555
Pulau Pinang,P.052 Bayan Baru,Bayan Baru,3,Chuah Seng Guan,4083,BN,25,13804
Pulau Pinang,P.052 Bayan Baru,Bayan Baru,4,Iszuree Bin Ibrahim,4084,PAS,3,8757
Pulau Pinang,P.053 Balik Pulau,Balik Pulau,1,Muhammad Imran Bin Muhammad Sa'Ad,4085,PAS,3,5298
Pulau Pinang,P.053 Balik Pulau,Balik Pulau,2,Muhammad Bakhtiar Bin Wan Chik,3715,PKR,11,25471
Pulau Pinang,P.053 Balik Pulau,Balik Pulau,3,Hilmi Yahaya,3714,BN,25,19007
Perak,P.054 Gerik,Gerik,1,Dahalan,4086,PAS,3,7715
Perak,P.054 Gerik,Gerik,2,Hasbullah Osman,3717,BN,25,13243
Perak,P.054 Gerik,Gerik,3,Ibrahim Hanafiah,4087,PKR,11,6353
Perak,P.055 Lenggong,Lenggong,1,Amirul Fairuzzeen,4088,PKR,11,3932
Perak,P.055 Lenggong,Lenggong,2,Mujahid Ir Fadzil,4089,PAS,3,6750
Perak,P.055 Lenggong,Lenggong,3,Shamsul Anuar Nasarah,3369,BN,25,12523
Perak,P.056 Larut,Larut,1,Abu Husin,4090,PAS,3,13698
Perak,P.056 Larut,Larut,2,Hamzah Zainudin,3371,BN,25,18184
Perak,P.056 Larut,Larut,3,Khairil Anuar,3412,PKR,11,7738
Perak,P.057 Parit Buntar,Parit Buntar,1,Abdul Puhat Bin Mat Nayan,4091,BN,25,13655
Perak,P.057 Parit Buntar,Parit Buntar,2,Mujahid Yusof Rawa,2990,PKR,11,16753
Perak,P.057 Parit Buntar,Parit Buntar,3,Ahmad Azhar Sharin,4092,PAS,3,12312
Perak,P.058 Bagan Serai,Bagan Serai,1,Noor Azmi Bin Ghazali,3724,BN,25,17220
Perak,P.058 Bagan Serai,Bagan Serai,2,Adam Bin Asmuni,4093,PKR,11,12987
Perak,P.058 Bagan Serai,Bagan Serai,3,Rohaya Binti Bakar,4094,PAS,3,17048
Perak,P.059 Bukit Gantang,Bukit Gantang,1,Idris Ahmad,2922,PAS,3,16052
Perak,P.059 Bukit Gantang,Bukit Gantang,2,Syed Abu Hussin Bin Hafiz Syed Abdul Fasal,4095,BN,25,22450
Perak,P.059 Bukit Gantang,Bukit Gantang,3,Khadri Khalid,4096,PKR,11,18361
Perak,P.060 Taiping,Taiping,1,Tan Keng Liang,4097,BN,25,15613
Perak,P.060 Taiping,Taiping,2,Ibrahim Ismail,4098,PAS,3,11133
Perak,P.060 Taiping,Taiping,3,Teh Kok Lim,4099,PKR,11,42997
Perak,P.061 Padang Rengas,Padang Rengas,1,Ejazi Yahaya,4100,PKR,11,7943
Perak,P.061 Padang Rengas,Padang Rengas,2,Mohamed Nazri Bin Tan Abdul Aziz,2368,BN,25,10491
Perak,P.061 Padang Rengas,Padang Rengas,3,Mohamad Azalan,4101,PAS,3,6847
Perak,P.062 Sungai Siput,Sungai Siput,1,S. Kesavan,4102,PKR,11,20817
Perak,P.062 Sungai Siput,Sungai Siput,2,Ishak Ibrahim,4103,PAS,3,5194
Perak,P.062 Sungai Siput,Sungai Siput,3,S.K. Devamany,3402,BN,25,15210
Perak,P.062 Sungai Siput,Sungai Siput,4,Michael Jeyakumar Devaraj,3019,PSM,68,1505
Perak,P.063 Tambun,Tambun,1,Ahmad Husni Hanadzlah,3380,BN,25,33341
Perak,P.063 Tambun,Tambun,2,Ahmad Faizal Azumu,4104,PKR,11,38661
Perak,P.063 Tambun,Tambun,3,Ibrahim Zakaria,3368,PAS,3,14948
Perak,P.064 Ipoh Timor,Ipoh Timor,1,Kathleen (Kat) Wong,3729,BN,25,13722
Perak,P.064 Ipoh Timor,Ipoh Timor,2,Wong Kah Woh,4105,PKR,11,56519
Perak,P.065 Ipoh Barat,Ipoh Barat,1,Cheng Wei Yee,3732,BN,25,9889
Perak,P.065 Ipoh Barat,Ipoh Barat,2,M. Kula,3383,PKR,11,55613
Perak,P.066 Batu Gajah,Batu Gajah,1,Leong Chee Wai,4106,BN,25,8982
Perak,P.066 Batu Gajah,Batu Gajah,2,V. Sivakumar,3733,PKR,11,52850
Perak,P.066 Batu Gajah,Batu Gajah,3,Kunasekaran A/L Krishnan,4107,PSM,68,955
Perak,P.067 Kuala Kangsar,Kuala Kangsar,1,Khalil Idham Lim,3737,PAS,3,6583
Perak,P.067 Kuala Kangsar,Kuala Kangsar,2,Ahmad Termizi Ramli,4108,PKR,11,11371
Perak,P.067 Kuala Kangsar,Kuala Kangsar,3,Mastura Yazid,4109,BN,25,12102
Perak,P.068 Beruas,Beruas,1,Pang Chok King,4110,BN,25,13277
Perak,P.068 Beruas,Beruas,2,Ngeh Koo Ham,2081,PKR,11,41231
Perak,P.068 Beruas,Beruas,3,Mohamad Nazeer Hameed,4111,PAS,3,5759
Perak,P.069 Parit,Parit,1,Najiha Ahmad,3387,PAS,3,7715
Perak,P.069 Parit,Parit,2,Nizar,3388,BN,25,14035
Perak,P.069 Parit,Parit,3,Tarmizi Mohd Jam,4112,PKR,11,7240
Perak,P.070 Kampar,Kampar,1,Yougan,4113,PAS,3,3864
Perak,P.070 Kampar,Kampar,2,Lee Chee Leong,3390,BN,25,18415
Perak,P.070 Kampar,Kampar,3,Su Keong Siong,3730,PKR,11,30216
Perak,P.071 Gopeng,Gopeng,1,Lee Boon Chye,3391,PKR,11,48923
Perak,P.071 Gopeng,Gopeng,2,Ismail Bin Ariffin,4114,PAS,3,11165
Perak,P.071 Gopeng,Gopeng,3,Heng Seai Kie,3657,BN,25,19145
Perak,P.072 Tapah,Tapah,1,Mohamed Azni,4115,PKR,11,15472
Perak,P.072 Tapah,Tapah,2,M. Saravanan,3393,BN,25,16086
Perak,P.072 Tapah,Tapah,3,Norazli Bin Musa,4116,PAS,3,4616
Perak,P.073 Pasir Salak,Pasir Salak,1,Salihuddin,4117,PKR,11,12291
Perak,P.073 Pasir Salak,Pasir Salak,2,Tajuddin Abdul Rahman,3395,BN,25,20003
Perak,P.073 Pasir Salak,Pasir Salak,3,Zafarulazhan Bin Zan,4118,PAS,3,11151
Perak,P.074 Lumut,Lumut,1,Diraja Zambry Abdul Kadir,4119,BN,25,21555
Perak,P.074 Lumut,Lumut,2,Zamri Ibrahim,4120,PAS,3,10135
Perak,P.074 Lumut,Lumut,3,Hatta Ramli,3333,PKR,11,21955
Perak,P.075 Bagan Datuk,Bagan Datuk,1,Ata Abdul Muneim Hasan Adli,4121,PAS,3,4061
Perak,P.075 Bagan Datuk,Bagan Datuk,2,Ahmad Zahid Bin Hamidi,2393,BN,25,18909
Perak,P.075 Bagan Datuk,Bagan Datuk,3,Pakhrurrazi Hj Arshad,4122,PKR,11,13836
Perak,P.076 Teluk Intan,Teluk Intan,1,Nga Kor Ming,3376,PKR,11,29170
Perak,P.076 Teluk Intan,Teluk Intan,2,Ahmad Ramadzan,4123,PAS,3,6494
Perak,P.076 Teluk Intan,Teluk Intan,3,Mah Siew Keong,2709,BN,25,17991
Perak,P.077 Tanjong Malim,Tanjong Malim,1,Mohd Tarmizi,4124,PAS,3,10311
Perak,P.077 Tanjong Malim,Tanjong Malim,2,Mah Hang Soon,4125,BN,25,19314
Perak,P.077 Tanjong Malim,Tanjong Malim,3,Chang Lih Kang,4126,PKR,11,24672
Pahang,P.078 Cameron Highlands,Cameron Highlands,1,Manogaran,3398,PKR,11,9710
Pahang,P.078 Cameron Highlands,Cameron Highlands,2,Wan Mahadir,4127,PAS,3,3587
Pahang,P.078 Cameron Highlands,Cameron Highlands,3,Sivarraajh Chandran,4128,BN,25,10307
Pahang,P.078 Cameron Highlands,Cameron Highlands,4,Mohd Tahir Bin Haji Kassim,4129,BERJASA,34,81
Pahang,P.078 Cameron Highlands,Cameron Highlands,5,Suresh Kumar,4130,PSM,68,680
Pahang,P.079 Lipis,Lipis,1,Badarudin Abdul Rahaman,4131,PKR,11,7426
Pahang,P.079 Lipis,Lipis,2,Abdul Rahman Bin Mohamad,3752,BN,25,13995
Pahang,P.079 Lipis,Lipis,3,Sobirin Bin Hj Duli,4132,PAS,3,6671
Pahang,P.080 Raub,Raub,1,Tengku Zulpuri Shah,4133,PKR,11,20659
Pahang,P.080 Raub,Raub,2,Chew Mei Fun,2741,BN,25,17500
Pahang,P.080 Raub,Raub,3,Mohamed Nilam,3404,PAS,3,7866
Pahang,P.081 Jerantut,Jerantut,1,Ahmad Nazlan,3756,BN,25,22640
Pahang,P.081 Jerantut,Jerantut,2,Yohanis Ahmad,4134,PAS,3,16732
Pahang,P.081 Jerantut,Jerantut,3,Wan Mohd Shahrir,4135,PKR,11,10877
Pahang,P.082 Indera Mahkota,Indera Mahkota,1,Johan Bin Mat Sah,4136,BN,25,17628
Pahang,P.082 Indera Mahkota,Indera Mahkota,2,Nasrudin Hassan Tantawi,3414,PAS,3,17515
Pahang,P.082 Indera Mahkota,Indera Mahkota,3,Saifuddin Abdullah,3416,PKR,11,28578
Pahang,P.083 Kuantan,Kuantan,1,Sulaiman Md Derus,4137,PAS,3,14696
Pahang,P.083 Kuantan,Kuantan,2,Fuziah Salleh,2716,PKR,11,22807
Pahang,P.083 Kuantan,Kuantan,3,Wong Kean Hwee,4138,BN,25,13667
Pahang,P.084 Paya Besar,Paya Besar,1,Mohd Ashraf Mustaqim,4139,PKR,11,11776
Pahang,P.084 Paya Besar,Paya Besar,2,Mohd Shahar Bin Abdullah,4140,BN,25,19033
Pahang,P.084 Paya Besar,Paya Besar,3,Mohamad Azhar Bin Mohd Noor,4141,PAS,3,13291
Pahang,P.085 Pekan,Pekan,1,Muhd Zahid Md Arip,4142,PKR,11,7662
Pahang,P.085 Pekan,Pekan,2,Mohd Najib Bin Tun Abdul Razak,1216,BN,25,43854
Pahang,P.085 Pekan,Pekan,3,Abdul Kadir Bin Sainudin,4143,BEBAS,1,103
Pahang,P.085 Pekan,Pekan,4,Ahiatudin Bin Daud,4144,PAS,3,18995
Pahang,P.086 Maran,Maran,1,Hasenan Haron,4145,PAS,3,12301
Pahang,P.086 Maran,Maran,2,Ismail Bin Hj Abdul Muttalib,3413,BN,25,16064
Pahang,P.086 Maran,Maran,3,Ahmad Farid Bin Ahmad Nordin,4146,PKR,11,4360
Pahang,P.087 Kuala Krau,Kuala Krau,1,Mohamad Rafidee,4147,PKR,11,5071
Pahang,P.087 Kuala Krau,Kuala Krau,2,Kamal Bin Ashaari,3415,PAS,3,15182
Pahang,P.087 Kuala Krau,Kuala Krau,3,Ismail Bin Mohamed Said,1613,BN,25,18058
Pahang,P.088 Temerloh,Temerloh,1,Khaidir Ahmad,4148,BEBAS,1,178
Pahang,P.088 Temerloh,Temerloh,2,Muhd Fakhrudin B Abu Hanipah,4149,BEBAS,1,46
Pahang,P.088 Temerloh,Temerloh,3,Mohd Sharkar Bin Shamsudin,4150,BN,25,22094
Pahang,P.088 Temerloh,Temerloh,4,Mohd Jusoh Bin Darus,4151,PAS,3,14734
Pahang,P.088 Temerloh,Temerloh,5,Anuar Tahir,4152,PKR,11,23998
Pahang,P.089 Bentong,Bentong,1,Liow Tiong Lai,2721,BN,25,23684
Pahang,P.089 Bentong,Bentong,2,Balasubramaniam A/L Nachiappan,4153,PAS,3,5706
Pahang,P.089 Bentong,Bentong,3,Wong Tack,3763,PKR,11,25716
Pahang,P.090 Bera,Bera,1,Zakaria Abdul Hamid,3764,PKR,11,18449
Pahang,P.090 Bera,Bera,2,Musaniff Bin Abdul Rahman,4154,PAS,3,8096
Pahang,P.090 Bera,Bera,3,Ismail Sabri Yaakob,3061,BN,25,20760
Pahang,P.091 Rompin,Rompin,1,Shahrul,4155,PAS,3,15233
Pahang,P.091 Rompin,Rompin,2,Sitarunisah Binti Abdul Kadir,4156,PKR,11,7876
Pahang,P.091 Rompin,Rompin,3,Hasan Bin Arifin,4157,BN,25,26628
Selangor,P.092 Sabak Bernam,Sabak Bernam,1,Fasiah,3768,BN,25,12862
Selangor,P.092 Sabak Bernam,Sabak Bernam,2,Muhammad Labib Bin Abdul Jalil,4158,PAS,3,9300
Selangor,P.092 Sabak Bernam,Sabak Bernam,3,Warno Bin Dogol,4159,PKR,11,11188
Selangor,P.093 Sungai Besar,Sungai Besar,1,Salleh Husin,3769,PAS,3,7220
Selangor,P.093 Sungai Besar,Sungai Besar,2,Muslimin,4160,PKR,11,17350
Selangor,P.093 Sungai Besar,Sungai Besar,3,Budiman Bin Mohd Zohdi,4161,BN,25,16636
Selangor,P.094 Hulu Selangor,Hulu Selangor,1,Kumar A/L S. Paramasivam,4162,BEBAS,1,426
Selangor,P.094 Hulu Selangor,Hulu Selangor,2,June Leow,4163,PKR,11,40783
Selangor,P.094 Hulu Selangor,Hulu Selangor,3,P.Kamalanathan,3772,BN,25,27392
Selangor,P.094 Hulu Selangor,Hulu Selangor,4,Wan Mat,1118,PAS,3,16620
Selangor,P.095 Tanjong Karang,Tanjong Karang,1,Zulkafperi,4164,PKR,11,15626
Selangor,P.095 Tanjong Karang,Tanjong Karang,2,Noh Bin Omar,2416,BN,25,17596
Selangor,P.095 Tanjong Karang,Tanjong Karang,3,Nor Az Azlan Bin Ahmad,4165,PAS,3,7276
Selangor,P.096 Kuala Selangor,Kuala Selangor,1,Dzulkefly Ahmad,2751,PKR,11,29842
Selangor,P.096 Kuala Selangor,Kuala Selangor,2,Irmohizam,3775,BN,25,21344
Selangor,P.096 Kuala Selangor,Kuala Selangor,3,Fakaruddin,4166,PAS,3,8535
Selangor,P.097 Selayang,Selayang,1,Kang Meng Fuat,4167,BN,25,19501
Selangor,P.097 Selayang,Selayang,2,Brig. Gen Hashim Karim,3810,PAS,3,18343
Selangor,P.097 Selayang,Selayang,3,William Leong Jee Keen,3427,PKR,11,60158
Selangor,P.098 Gombak,Gombak,1,Azmin Ali,3428,PKR,11,75113
Selangor,P.098 Gombak,Gombak,2,Khairil Nizam,4168,PAS,3,17537
Selangor,P.098 Gombak,Gombak,3,Abdul Rahim Kamarudin,4169,BN,25,26392
Selangor,P.099 Ampang,Ampang,1,Tan Hua Meng,4170,PRM,57,294
Selangor,P.099 Ampang,Ampang,2,Nurul Islam Bin Mohamed Yusoff,4171,PAS,3,9598
Selangor,P.099 Ampang,Ampang,3,Leong Kim Soon,4172,BN,25,12351
Selangor,P.099 Ampang,Ampang,4,Zuraida Kamaruddin,3431,PKR,11,54307
Selangor,P.100 Pandan,Pandan,1,Sukri Omar,4173,PAS,3,8336
Selangor,P.100 Pandan,Pandan,2,Wan Azizah,4901,PKR,11,64733
Selangor,P.100 Pandan,Pandan,3,Leong Kok Wee,4174,BN,25,12190
Selangor,P.100 Pandan,Pandan,4,Mohd Khairul Azam Bin Abdul Aziz,4175,BEBAS,1,73
Selangor,P.100 Pandan,Pandan,5,Jenice Lee Ying Ha,4176,PRM,57,442
Selangor,P.101 Hulu Langat,Hulu Langat,1,Che Rosli Che Mat,3433,PAS,3,15663
Selangor,P.101 Hulu Langat,Hulu Langat,2,Hasanuddin Mohd Yunus,4177,PKR,11,49004
Selangor,P.101 Hulu Langat,Hulu Langat,3,Azman Bin Ahmad,4178,BN,25,23580
Selangor,P.102 Bangi,Bangi,1,Shafie Ngah,4179,PAS,3,33789
Selangor,P.102 Bangi,Bangi,2,Ong Kian Ming,3783,PKR,11,102557
Selangor,P.102 Bangi,Bangi,3,Dennis Wan,4180,PRM,57,215
Selangor,P.102 Bangi,Bangi,4,Liew Yuen Keong,4181,BN,25,19766
Selangor,P.103 Puchong,Puchong,1,Mohamad Rosharizan,4182,PAS,3,10255
Selangor,P.103 Puchong,Puchong,2,Ang Chin Tat,4183,BN,25,12794
Selangor,P.103 Puchong,Puchong,3,Gobind Singh Deo,3436,PKR,11,60429
Selangor,P.104 Subang,Subang,1,Toh Sin Wah,3785,BEBAS,1,173
Selangor,P.104 Subang,Subang,2,Wong Chen,3786,PKR,11,104430
Selangor,P.104 Subang,Subang,3,Tan Seong Lim,4184,BN,25,12077
Selangor,P.104 Subang,Subang,4,Shahir Adnan,4185,PAS,3,9025
Selangor,P.105 Petaling Jaya,Petaling Jaya,1,Maria Chin Abdullah,4186,PKR,11,78984
Selangor,P.105 Petaling Jaya,Petaling Jaya,2,Chew Hian Tat,4187,BN,25,21847
Selangor,P.105 Petaling Jaya,Petaling Jaya,3,Noraini Binti Hussin,4188,PAS,3,14448
Selangor,P.106 Damansara,Damansara,1,Wong Mun Kheong,4189,PRM,57,617
Selangor,P.106 Damansara,Damansara,2,Tony Pua,3441,PKR,11,121283
Selangor,P.106 Damansara,Damansara,3,Ryan Ho Kwok Xheng,4190,BN,25,14380
Selangor,P.107 Sungai Buloh,Sungai Buloh,1,A. Prakash Rao,3793,BN,25,16681
Selangor,P.107 Sungai Buloh,Sungai Buloh,2,Sivarasa Rasiah,3443,PKR,11,43631
Selangor,P.107 Sungai Buloh,Sungai Buloh,3,Nuridah,3766,PAS,3,16997
Selangor,P.107 Sungai Buloh,Sungai Buloh,4,Zainurizzaman Bin Moharam,4191,PSM,68,642
Selangor,P.108 Shah Alam,Shah Alam,1,Mohd Zuhdi Bin Marsuki,4192,PAS,3,15194
Selangor,P.108 Shah Alam,Shah Alam,2,Azhari Shaari,4193,BN,25,22100
Selangor,P.108 Shah Alam,Shah Alam,3,Khalid Abdul Samad,3095,PKR,11,55949
Selangor,P.109 Kapar,Kapar,1,Abdullah Sani,3451,PKR,11,47731
Selangor,P.109 Kapar,Kapar,2,Manikavasagam,3446,PRM,57,525
Selangor,P.109 Kapar,Kapar,3,Abdul Rani Bin Osman,4194,PAS,3,31425
Selangor,P.109 Kapar,Kapar,4,Mohana Muniandy,4195,BN,25,26412
Selangor,P.110 Klang,Klang,1,Khairul Shah Kottappan,3804,PAS,3,9169
Selangor,P.110 Klang,Klang,2,Ching Eu Boon,4196,BN,25,19506
Selangor,P.110 Klang,Klang,3,Charles Santiago,3447,PKR,11,98279
Selangor,P.110 Klang,Klang,4,Puvananderan A/L Ganasamoorthy,4197,BEBAS,1,120
Selangor,P.111 Kota Raja,Kota Raja,1,Mohamed Diah Baharun,4198,PAS,3,19555
Selangor,P.111 Kota Raja,Kota Raja,2,Mohamad Sabu,2932,PKR,11,90697
Selangor,P.111 Kota Raja,Kota Raja,3,V. Gunalan,4199,BN,25,17874
Selangor,P.112 Kuala Langat,Kuala Langat,1,Xavier Jayakumar,4200,PKR,11,43239
Selangor,P.112 Kuala Langat,Kuala Langat,2,Shahril Hamdan,4201,BN,25,26127
Selangor,P.112 Kuala Langat,Kuala Langat,3,Yahya Baba,4202,PAS,3,18731
Selangor,P.113 Sepang,Sepang,1,Sabirin Marsono,4203,PAS,3,15882
Selangor,P.113 Sepang,Sepang,2,Marsum Bin Paing,4204,BN,25,28035
Selangor,P.113 Sepang,Sepang,3,Mohamed Hanipa Bin Maidin,2501,PKR,11,46740
W.P. Kuala Lumpur,P.114 Kepong,Kepong,1,Lim Lip Eng,3456,PKR,11,56516
W.P. Kuala Lumpur,P.114 Kepong,Kepong,2,Ong Siang Liang,4205,BN,25,4888
W.P. Kuala Lumpur,P.115 Batu,Batu,1,V M Panjamothy,4206,BEBAS,1,383
W.P. Kuala Lumpur,P.115 Batu,Batu,2,Dominic Lau Hoe Chai,3811,BN,25,13687
W.P. Kuala Lumpur,P.115 Batu,Batu,3,Prabakaran Parameswaran,4207,BEBAS,1,38125
W.P. Kuala Lumpur,P.115 Batu,Batu,4,Azhar Yahya,4208,PAS,3,10610
W.P. Kuala Lumpur,P.116 Wangsa Maju,Wangsa Maju,1,Yew Teong Look,3108,BN,25,17940
W.P. Kuala Lumpur,P.116 Wangsa Maju,Wangsa Maju,2,Tan Yee Kew,2436,PKR,11,42178
W.P. Kuala Lumpur,P.116 Wangsa Maju,Wangsa Maju,3,Razali Bin Tumirin,4209,PAS,3,13490
W.P. Kuala Lumpur,P.117 Segambut,Segambut,1,Solleh Razak,4210,PAS,3,4181
W.P. Kuala Lumpur,P.117 Segambut,Segambut,2,Loga Bala Mohan,4211,BN,25,7422
W.P. Kuala Lumpur,P.117 Segambut,Segambut,3,Hannah Yeoh,4212,PKR,11,53124
W.P. Kuala Lumpur,P.118 Setiawangsa,Setiawangsa,1,Nik Nazmi Bin Nik Ahmad,4213,PKR,11,34471
W.P. Kuala Lumpur,P.118 Setiawangsa,Setiawangsa,2,Ubaid Bin Abdul Akla,4214,PAS,3,6282
W.P. Kuala Lumpur,P.118 Setiawangsa,Setiawangsa,3,Zulhasnan Bin Rafique,3457,BN,25,20099
W.P. Kuala Lumpur,P.119 Titiwangsa,Titiwangsa,1,Johari Ghani,3816,BN,25,19701
W.P. Kuala Lumpur,P.119 Titiwangsa,Titiwangsa,2,Rina Mohd Harun,4215,PKR,11,23840
W.P. Kuala Lumpur,P.119 Titiwangsa,Titiwangsa,3,Mohamad Noor Mohamad,3115,PAS,3,6845
W.P. Kuala Lumpur,P.120 Bukit Bintang,Bukit Bintang,1,Khairul,4216,PFP,82,636
W.P. Kuala Lumpur,P.120 Bukit Bintang,Bukit Bintang,2,Ann Tan Ean Ean,4217,BN,25,7256
W.P. Kuala Lumpur,P.120 Bukit Bintang,Bukit Bintang,3,Fong Kui Lun,2128,PKR,11,44516
W.P. Kuala Lumpur,P.121 Lembah Pantai,Lembah Pantai,1,Fauzi Bin Abu Bakar,4218,PAS,3,5277
W.P. Kuala Lumpur,P.121 Lembah Pantai,Lembah Pantai,2,Raja Nong Chik,3820,BN,25,27715
W.P. Kuala Lumpur,P.121 Lembah Pantai,Lembah Pantai,3,Fahmi Fadzil,4219,PKR,11,33313
W.P. Kuala Lumpur,P.122 Seputeh,Seputeh,1,Chan Quin Er,4220,BN,25,7035
W.P. Kuala Lumpur,P.122 Seputeh,Seputeh,2,Teresa Kok,2769,PKR,11,63094
W.P. Kuala Lumpur,P.123 Cheras,Cheras,1,Heng Sinn Yee,4221,BN,25,7006
W.P. Kuala Lumpur,P.123 Cheras,Cheras,2,Tan Kok Wai,1825,PKR,11,56671
W.P. Kuala Lumpur,P.124 Bandar Tun Razak,Bandar Tun Razak,1,Adnan Bin Seman,4222,BN,25,21196
W.P. Kuala Lumpur,P.124 Bandar Tun Razak,Bandar Tun Razak,2,Kamarudin Jaffar,3311,PKR,11,41126
W.P. Kuala Lumpur,P.124 Bandar Tun Razak,Bandar Tun Razak,3,Rosni Adam,4223,PAS,3,7884
W.P. Putrajaya,P.125 Putrajaya,Putrajaya,1,Tengku Adnan Bin Tengku Mansor,3468,BN,25,12148
W.P. Putrajaya,P.125 Putrajaya,Putrajaya,2,Zainal Abidin Kidam,4224,PAS,3,3634
W.P. Putrajaya,P.125 Putrajaya,Putrajaya,3,Samsu Adabi Bin Mamat,4225,PKR,11,8776
Negeri Sembilan,P.126 Jelebu,Jelebu,1,Mustafar Kadir,4226,PKR,11,17017
Negeri Sembilan,P.126 Jelebu,Jelebu,2,Jalaluddin Bin Alias,4227,BN,25,19062
Negeri Sembilan,P.126 Jelebu,Jelebu,3,Norman Ipin,3469,PAS,3,2878
Negeri Sembilan,P.127 Jempol,Jempol,1,Kamarulzaman Kamdias,4228,PKR,11,25188
Negeri Sembilan,P.127 Jempol,Jempol,2,Mustaffa Bin Daharun,4229,PAS,3,5267
Negeri Sembilan,P.127 Jempol,Jempol,3,Salim Sharif,4230,BN,25,26819
Negeri Sembilan,P.128 Seremban,Seremban,1,Ah Chong @ Chong Sin Woon,4231,BN,25,24809
Negeri Sembilan,P.128 Seremban,Seremban,2,Shariffuddin,4232,PAS,3,11506
Negeri Sembilan,P.128 Seremban,Seremban,3,Loke Siew Fook,3477,PKR,11,55503
Negeri Sembilan,P.129 Kuala Pilah,Kuala Pilah,1,Rafiei,4233,PAS,3,4347
Negeri Sembilan,P.129 Kuala Pilah,Kuala Pilah,2,Hasan Bin Malek,3474,BN,25,17845
Negeri Sembilan,P.129 Kuala Pilah,Kuala Pilah,3,Eddin Syazlee Shith,4234,PKR,11,18045
Negeri Sembilan,P.130 Rasah,Rasah,1,Khairil Anuar Wafa,4235,PAS,3,8260
Negeri Sembilan,P.130 Rasah,Rasah,2,Ng Kian Nam,4236,BN,25,14939
Negeri Sembilan,P.130 Rasah,Rasah,3,David Dass Aseerpatham,4237,PAP,84,302
Negeri Sembilan,P.130 Rasah,Rasah,4,Cha Kee Chin,4238,PKR,11,61806
Negeri Sembilan,P.131 Rembau,Rembau,1,Mustafa,3671,PAS,3,6028
Negeri Sembilan,P.131 Rembau,Rembau,2,Khairy Jamaluddin Abu Bakar,3478,BN,25,36096
Negeri Sembilan,P.131 Rembau,Rembau,3,Roseli Bin Abdul Gani (B),4239,PKR,11,31732
Negeri Sembilan,P.132 Port Dickson,Port Dickson,1,Mahfuz Roslan,4240,PAS,3,6594
Negeri Sembilan,P.132 Port Dickson,Port Dickson,2,Danyal,4241,PKR,11,36225
Negeri Sembilan,P.132 Port Dickson,Port Dickson,3,Vs Mogan,3839,BN,25,18515
Negeri Sembilan,P.133 Tampin,Tampin,1,Hasan Bahrom,4242,PKR,11,22435
Negeri Sembilan,P.133 Tampin,Tampin,2,Shaziman Bin Abu Mansor,2778,BN,25,21433
Negeri Sembilan,P.133 Tampin,Tampin,3,Abdul Halim Bin Abu Bakar (Bersara),4243,PAS,3,4598
Melaka,P.134 Masjid Tanah,Masjid Tanah,1,Sabirin Bin Ja'Afar,4244,PKR,11,14739
Melaka,P.134 Masjid Tanah,Masjid Tanah,2,Nasir Othman,4245,PAS,3,4688
Melaka,P.134 Masjid Tanah,Masjid Tanah,3,Mas Ermieyati,3840,BN,25,22898
Melaka,P.135 Alor Gajah,Alor Gajah,1,Nazree Aris,4246,PAS,3,6135
Melaka,P.135 Alor Gajah,Alor Gajah,2,Mohd Redzuan Yusof (Pak Wan ),4247,PKR,11,29330
Melaka,P.135 Alor Gajah,Alor Gajah,3,Wong Nai Chee,3144,BN,25,22350
Melaka,P.136 Tangga Batu,Tangga Batu,1,Rusnah,4248,PKR,11,32420
Melaka,P.136 Tangga Batu,Tangga Batu,2,Zali Mat Yasin.,4249,BN,25,27761
Melaka,P.136 Tangga Batu,Tangga Batu,3,Zulkifli Ismail,1207,PAS,3,8961
Melaka,P.137 Hang Tuah Jaya,Hang Tuah Jaya,1,Shamsul Iskandar Mohd Akin,3142,PKR,11,39067
Melaka,P.137 Hang Tuah Jaya,Hang Tuah Jaya,2,Mohd Ali Bin Mohd Rustam,2474,BN,25,30427
Melaka,P.137 Hang Tuah Jaya,Hang Tuah Jaya,3,Khalid Kassim,4250,PAS,3,7089
Melaka,P.138 Kota Melaka,Kota Melaka,1,Eric Choo Wei Sern,4251,BN,25,27343
Melaka,P.138 Kota Melaka,Kota Melaka,2,Khoo Poay Tiong,4252,PKR,11,76518
Melaka,P.138 Kota Melaka,Kota Melaka,3,Goh Leong San,3140,BEBAS,1,1415
Melaka,P.139 Jasin,Jasin,1,Khairuddin Abu Hassan,4253,PKR,11,26341
Melaka,P.139 Jasin,Jasin,2,Abdul Alim Shapie,4254,PAS,3,8860
Melaka,P.139 Jasin,Jasin,3,Ahmad Hamzah,3491,BN,25,26560
Johor,P.140 Segamat,Segamat,1,Khairul Faizi Bin Ahmad Kamil,4255,PAS,3,2676
Johor,P.140 Segamat,Segamat,2,S. Subramaniam,985,BN,25,18584
Johor,P.140 Segamat,Segamat,3,Santhara,3770,PKR,11,24060
Johor,P.141 Sekijang,Sekijang,1,Ayub Bin Rahmat,4256,BN,25,18278
Johor,P.141 Sekijang,Sekijang,2,Natrah Ismail,4257,PKR,11,19559
Johor,P.142 Labis,Labis,1,Pang Hok Liong,3148,PKR,11,16977
Johor,P.142 Labis,Labis,2,Sarchu Sawal,4258,PAS,3,2034
Johor,P.142 Labis,Labis,3,Chua Tee Yong,3493,BN,25,13567
Johor,P.143 Pagoh,Pagoh,1,Ismail Bin Mohamed,365,BN,25,16631
Johor,P.143 Pagoh,Pagoh,2,Muhyiddin Bin Md Yasin,2797,PKR,11,23558
Johor,P.143 Pagoh,Pagoh,3,Ahmad Nawfal Bin Mahfodz,4259,PAS,3,2483
Johor,P.144 Ledang,Ledang,1,Rusman Bin Kemin,4260,PAS,3,4668
Johor,P.144 Ledang,Ledang,2,Hamim Samuri,3153,BN,25,26040
Johor,P.144 Ledang,Ledang,3,Syed Ibrahim Bin Syed Noh,4261,PKR,11,34706
Johor,P.145 Bakri,Bakri,1,Koh Chon Chai,4262,BN,25,15507
Johor,P.145 Bakri,Bakri,2,Yeo Bee Yin,4263,PKR,11,38718
Johor,P.145 Bakri,Bakri,3,Zarul Bin Salleh,4264,PAS,3,7575
Johor,P.146 Muar,Muar,1,Abdul Aziz Bin Talib,4265,PAS,3,4354
Johor,P.146 Muar,Muar,2,Syed Saddiq,4266,PKR,11,22341
Johor,P.146 Muar,Muar,3,Razali Bin Ibrahim,3498,BN,25,15388
Johor,P.147 Parit Sulong,Parit Sulong,1,Noraini Ahmad,3501,BN,25,24481
Johor,P.147 Parit Sulong,Parit Sulong,2,Anis Afida,4267,PKR,11,18140
Johor,P.147 Parit Sulong,Parit Sulong,3,Ahmad Rosdi Bin Bahari,4268,PAS,3,7148
Johor,P.148 Ayer Hitam,Ayer Hitam,1,Mardi Marwan,4269,PAS,3,4975
Johor,P.148 Ayer Hitam,Ayer Hitam,2,Wee Ka Siong,3502,BN,25,17076
Johor,P.148 Ayer Hitam,Ayer Hitam,3,Liew Chin Tong,3357,PKR,11,16773
Johor,P.149 Sri Gading,Sri Gading,1,Shahruddin Salleh,4270,PKR,11,21511
Johor,P.149 Sri Gading,Sri Gading,2,M Ashari Sidon,4271,PAS,3,4548
Johor,P.149 Sri Gading,Sri Gading,3,Aziz Kaprawi,3856,BN,25,18223
Johor,P.150 Batu Pahat,Batu Pahat,1,Mahfodz Bin Mohamed,4272,PAS,3,8173
Johor,P.150 Batu Pahat,Batu Pahat,2,Mohd Rashid,4273,PKR,11,45929
Johor,P.150 Batu Pahat,Batu Pahat,3,Haliza Binti Abdullah,4274,BN,25,28035
Johor,P.151 Simpang Renggam,Simpang Renggam,1,Mohd Jubri Bin Selamat,4275,PAS,3,2983
Johor,P.151 Simpang Renggam,Simpang Renggam,2,Maszlee Malik,4276,PKR,11,18157
Johor,P.151 Simpang Renggam,Simpang Renggam,3,Liang Teck Meng,3507,BN,25,14682
Johor,P.152 Kluang,Kluang,1,Hasbullah Najib,4277,PAS,3,8242
Johor,P.152 Kluang,Kluang,2,Wong Shu Qi,4278,PKR,11,47671
Johor,P.152 Kluang,Kluang,3,Gan Ping Sieu,4279,BN,25,24618
Johor,P.153 Sembrong,Sembrong,1,Hishammuddin Tun Hussein,3510,BN,25,21353
Johor,P.153 Sembrong,Sembrong,2,Onn Bin Abu Bakar,3859,PKR,11,14691
Johor,P.154 Mersing,Mersing,1,Mohd Nasir Bin Hashim,4280,PKR,11,11347
Johor,P.154 Mersing,Mersing,2,A. Rahman Bin A. Hamid,4281,PAS,3,6215
Johor,P.154 Mersing,Mersing,3,Abdul Latiff,3512,BN,25,19806
Johor,P.155 Tenggara,Tenggara,1,Norjepri Bin Mohamed Jelani,4282,PKR,11,14209
Johor,P.155 Tenggara,Tenggara,2,Yuhanita Binti Yunan,4283,PAS,3,2683
Johor,P.155 Tenggara,Tenggara,3,Adham Bin Baba,4284,BN,25,20142
Johor,P.156 Kota Tinggi,Kota Tinggi,1,Azlinda Latif,4285,PKR,11,11786
Johor,P.156 Kota Tinggi,Kota Tinggi,2,Halimah Binti Mohamed Sadique,3515,BN,25,26407
Johor,P.157 Pengerang,Pengerang,1,Norliza Ngadiran,4286,PKR,11,10412
Johor,P.157 Pengerang,Pengerang,2,Azalina Othman Said,3518,BN,25,21829
Johor,P.158 Tebrau,Tebrau,1,Steven Choong,3865,PKR,11,64535
Johor,P.158 Tebrau,Tebrau,2,Hou Kok Chung,3509,BN,25,27310
Johor,P.158 Tebrau,Tebrau,3,Abdullah Husin,4287,PAS,3,12098
Johor,P.159 Pasir Gudang,Pasir Gudang,1,Abdul Aziz Bin Abdullah,578,PAS,3,6278
Johor,P.159 Pasir Gudang,Pasir Gudang,2,Mohamed Khaled Nordin,2187,BN,25,36889
Johor,P.159 Pasir Gudang,Pasir Gudang,3,Chee Jock,4288,BEBAS,1,227
Johor,P.159 Pasir Gudang,Pasir Gudang,4,Hassan Bin Abdul Karim,1860,PKR,11,61615
Johor,P.160 Johor Bahru,Johor Bahru,1,Shahrir Abdul Samad,3522,BN,25,30270
Johor,P.160 Johor Bahru,Johor Bahru,2,Akmal Nasir,4289,PKR,11,50052
Johor,P.161 Pulai,Pulai,1,Yap Keng Tak,4290,BEBAS,1,591
Johor,P.161 Pulai,Pulai,2,Salahuddin Ayub,2958,PKR,11,55447
Johor,P.161 Pulai,Pulai,3,Nur Jazlan Bin Mohamed,3524,BN,25,26523
Johor,P.161 Pulai,Pulai,4,Mohd Mazri Bin Yahya,4291,PAS,3,4332
Johor,P.162 Iskandar Puteri,Iskandar Puteri,1,Jason Teoh Sew Hock,4292,BN,25,35862
Johor,P.162 Iskandar Puteri,Iskandar Puteri,2,Lim Kit Siang,698,PKR,11,80726
Johor,P.163 Kulai,Kulai,1,Tang Nai Soon,4293,BN,25,22564
Johor,P.163 Kulai,Kulai,2,Juwahir Bin Amin,4294,PAS,3,6667
Johor,P.163 Kulai,Kulai,3,Teo Nie Ching,3434,PKR,11,55312
Johor,P.164 Pontian,Pontian,1,Karmaine Bin Sardini,4295,PKR,11,20299
Johor,P.164 Pontian,Pontian,2,Ahmad Maslan,3527,BN,25,21132
Johor,P.164 Pontian,Pontian,3,Baharom Mohamad,4296,PAS,3,4295
Johor,P.165 Tanjung Piai,Tanjung Piai,1,Nordin Bin Othman,4297,PAS,3,2962
Johor,P.165 Tanjung Piai,Tanjung Piai,2,Wee Jeck Seng,3529,BN,25,20731
Johor,P.165 Tanjung Piai,Tanjung Piai,3,Mohd Farid,4298,PKR,11,21255
W.P. Labuan,P.166 Labuan,Labuan,1,Rozman Bin Isli,3875,BN,25,10164
W.P. Labuan,P.166 Labuan,Labuan,2,Siti Zaleha S.W.Ibrahim,4299,HR,81,925
W.P. Labuan,P.166 Labuan,Labuan,3,Ahmad Junid @ Junit Bin Mohd Aling @ Aling,4300,PAS,3,1555
W.P. Labuan,P.166 Labuan,Labuan,4,Noor Halim Bin Zaini,4301,WARISAN,74,8714
Sabah,P.167 Kudat,Kudat,1,Shariff Azman Sh Along,4302,WARISAN,74,17144
Sabah,P.167 Kudat,Kudat,2,Mohd Ashraf Chin Abdullah,4303,PPRS,77,1432
Sabah,P.167 Kudat,Kudat,3,Abdul Rahim Bakri,3533,BN,25,18503
Sabah,P.168 Kota Marudu,Kota Marudu,1,Paul Porodong,4304,PCS,75,2501
Sabah,P.168 Kota Marudu,Kota Marudu,2,Maijol Mahap,2826,HR,81,11259
Sabah,P.168 Kota Marudu,Kota Marudu,3,Barlus Bin Mangabis,4305,WARISAN,74,7113
Sabah,P.168 Kota Marudu,Kota Marudu,4,Panglima Maximus Johnity Ongkili,3537,BN,25,13033
Sabah,P.169 Kota Belud,Kota Belud,1,Ag Laiman Bin Ikin,4306,PAS,3,1410
Sabah,P.169 Kota Belud,Kota Belud,2,Salleh Said Keruak,4307,BN,25,19167
Sabah,P.169 Kota Belud,Kota Belud,3,Miasin @ Aimaduddin Bin Mion,4308,HR,81,2092
Sabah,P.169 Kota Belud,Kota Belud,4,Munirah Majilis,3882,WARISAN,74,23429
Sabah,P.170 Tuaran,Tuaran,1,Panglima Wilfred Madius Tangau,3888,BN,25,22494
Sabah,P.170 Tuaran,Tuaran,2,Chrisnadia Sinam,4309,PKR,11,14870
Sabah,P.170 Tuaran,Tuaran,3,Syra Peter @ P Gom,4310,HR,81,2311
Sabah,P.170 Tuaran,Tuaran,4,Kalakau @ Kalakan Bin Untol @ Entol,4311,PCS,75,2611
Sabah,P.170 Tuaran,Tuaran,5,Paumin @ Mohd Aminuddin Bin Aling,4312,PAS,3,1357
Sabah,P.171 Sepanggar,Sepanggar,1,Jeffrey Kumin,3891,SAPP,66,2958
Sabah,P.171 Sepanggar,Sepanggar,2,Robert Sopining,4313,PCS,75,971
Sabah,P.171 Sepanggar,Sepanggar,3,Abdul Rahman Bin Dahlan,3538,BN,25,15436
Sabah,P.171 Sepanggar,Sepanggar,4,Mohd Azis Bin Jamman,4314,WARISAN,74,28420
Sabah,P.172 Kota Kinabalu,Kota Kinabalu,1,Joseph Lee Han Kyun,3895,BN,25,7546
Sabah,P.172 Kota Kinabalu,Kota Kinabalu,2,Yong Teck Lee,2837,SAPP,66,3132
Sabah,P.172 Kota Kinabalu,Kota Kinabalu,3,Chan Foong Hin,3587,DAP,18,31632
Sabah,P.173 Putatan,Putatan,1,Edmund Jivol Doudilim,4315,HR,81,1755
Sabah,P.173 Putatan,Putatan,2,Zulzaim Hilmee Abidin,4316,PAS,3,2434
Sabah,P.173 Putatan,Putatan,3,Awang Husaini Bin Sahari,4317,PKR,11,14106
Sabah,P.173 Putatan,Putatan,4,Mil Kusin Abdillah Sulai,4318,ANAKNEGERI,83,728
Sabah,P.173 Putatan,Putatan,5,Marcus Makin Mojigoh,3547,BN,25,11767
Sabah,P.174 Penampang,Penampang,1,Darell Leiking,3898,WARISAN,74,32470
Sabah,P.174 Penampang,Penampang,2,Cleftus Stephen Spine,4319,SOLIDARITI,80,1196
Sabah,P.174 Penampang,Penampang,3,Ceasar Mandela Malakun,4320,BN,25,8997
Sabah,P.174 Penampang,Penampang,4,Edwin @ Jack Bosi,3550,ANAKNEGERI,83,445
Sabah,P.175 Papar,Papar,1,Elbert Bin Sikuil,4321,PCS,75,481
Sabah,P.175 Papar,Papar,2,Rosnah Hj Abdul Rashid Shirlin,3554,BN,25,17069
Sabah,P.175 Papar,Papar,3,Jamil Bin William Core,3900,SOLIDARITI,80,892
Sabah,P.175 Papar,Papar,4,Ahmad Bin Hassan,4322,WARISAN,74,17394
Sabah,P.176 Kimanis,Kimanis,1,Anifah Aman,3558,BN,25,11942
Sabah,P.176 Kimanis,Kimanis,2,Karim Bin Bujang,4323,WARISAN,74,11786
Sabah,P.176 Kimanis,Kimanis,3,Jaafar Bin Ismail,3557,HR,81,1300
Sabah,P.177 Beaufort,Beaufort,1,Azizah Binti Mohd Dun,3903,BN,25,11354
Sabah,P.177 Beaufort,Beaufort,2,John Ot Ghani,4324,PKR,11,7835
Sabah,P.177 Beaufort,Beaufort,3,Lajim Bin Ukin (Panglima),3562,HR,81,8023
Sabah,P.178 Sipitang,Sipitang,1,Hafez Musa,4325,BN,25,12038
Sabah,P.178 Sipitang,Sipitang,2,Noor Hayaty Binti Mustapha,4326,WARISAN,74,11186
Sabah,P.178 Sipitang,Sipitang,3,Dayang Aezzy Binti Liman,4327,HR,81,1547
Sabah,P.179 Ranau,Ranau,1,Ewon Ebin,3907,BN,25,13804
Sabah,P.179 Ranau,Ranau,2,Andau Bin Yasun @ Bruno,4328,PCS,75,1110
Sabah,P.179 Ranau,Ranau,3,Jonathan Bin Yasin,3566,PKR,11,14880
Sabah,P.179 Ranau,Ranau,4,Soudi @ Sami Bin Andang,4329,SOLIDARITI,80,3148
Sabah,P.180 Keningau,Keningau,1,Jius Bin Awang,4330,PCS,75,433
Sabah,P.180 Keningau,Keningau,2,Maimin @ Jeffrus Rijan,4331,BEBAS,1,248
Sabah,P.180 Keningau,Keningau,3,Daniel Kinsik,4332,BN,25,12742
Sabah,P.180 Keningau,Keningau,4,Jeffrey Kitingan,5103,SOLIDARITI,80,13286
Sabah,P.180 Keningau,Keningau,5,Justin Guka,4333,BEBAS,1,199
Sabah,P.180 Keningau,Keningau,6,Jake Nointin,4334,WARISAN,74,13241
Sabah,P.181 Tenom,Tenom,1,Rubin Bin Balang,4335,BN,25,10230
Sabah,P.181 Tenom,Tenom,2,Noorita Sual,4336,DAP,18,11363
Sabah,P.181 Tenom,Tenom,3,Laimoi @ Yuslinah Binti Laikim,4337,HR,81,645
Sabah,P.182 Pensiangan,Pensiangan,1,Richard Joe Jimmy,3569,SOLIDARITI,80,2839
Sabah,P.182 Pensiangan,Pensiangan,2,Raymond Bin Ahuar,4338,PKR,11,9469
Sabah,P.182 Pensiangan,Pensiangan,3,Maidin Bin Atak @ Maidin Osman,4339,PCS,75,212
Sabah,P.182 Pensiangan,Pensiangan,4,Arthur Joseph Kurup,4340,BN,25,11783
Sabah,P.182 Pensiangan,Pensiangan,5,Engah Bin Sintan,4341,BEBAS,1,65
Sabah,P.183 Beluran,Beluran,1,Ronald Kiandee,2857,BN,25,13007
Sabah,P.183 Beluran,Beluran,2,Salimah Binti Oyong,4342,BEBAS,1,246
Sabah,P.183 Beluran,Beluran,3,Toidy Luit,4343,PCS,75,284
Sabah,P.183 Beluran,Beluran,4,Sipin Bin Kadandi,4344,HR,81,996
Sabah,P.183 Beluran,Beluran,5,Japar Bin Zairun,4345,WARISAN,74,5892
Sabah,P.183 Beluran,Beluran,6,Lem Matin @ Salim Bin Matin,4346,PPRS,77,273
Sabah,P.184 Libaran,Libaran,1,Zakaria Bin Mohd Edris @ Tubau,4347,BN,25,17799
Sabah,P.184 Libaran,Libaran,2,Alfian Bin Mansyur,4348,HR,81,1223
Sabah,P.184 Libaran,Libaran,3,Irwanshah Bin Mustapa,4349,WARISAN,74,17121
Sabah,P.185 Batu Sapi,Batu Sapi,1,Linda Tsen Thau Lin,3922,BN,25,8357
Sabah,P.185 Batu Sapi,Batu Sapi,2,Liew Vui Keong,3581,WARISAN,74,12976
Sabah,P.185 Batu Sapi,Batu Sapi,3,Hamzah Bin Abdullah,3921,AMANAH,71,980
Sabah,P.185 Batu Sapi,Batu Sapi,4,Norsah Bongsu,4350,PAS,3,948
Sabah,P.186 Sandakan,Sandakan,1,Lim Ming Hoo,4351,BN,25,8996
Sabah,P.186 Sandakan,Sandakan,2,Stephen Wong Tien Fatt,3924,DAP,18,19094
Sabah,P.187 Kinabatangan,Kinabatangan,1,Mustapa Bin Tambuyong,4352,HR,81,2066
Sabah,P.187 Kinabatangan,Kinabatangan,2,Ghazali Abdul Ghani,4353,WARISAN,74,4987
Sabah,P.187 Kinabatangan,Kinabatangan,3,Bung Moktar Radin,2861,BN,25,14465
Sabah,P.188 Silam,Silam,1,Nasrun Bin Mansur,3928,BN,25,16951
Sabah,P.188 Silam,Silam,2,Mohamaddin Bin Ketapi,2224,WARISAN,74,23352
Sabah,P.188 Silam,Silam,3,Ramli Bin Pataruddin,4354,PAS,3,1431
Sabah,P.188 Silam,Silam,4,Siti Shazianti Binti Ajak,4355,HR,81,1306
Sabah,P.189 Semporna,Semporna,1,Abdul Nasir Bin Abdul Raup,4356,PAS,3,384
Sabah,P.189 Semporna,Semporna,2,Asmara Bin Asmad,4357,HR,81,98
Sabah,P.189 Semporna,Semporna,3,Ramlee Marahaban,4358,BN,25,6135
Sabah,P.189 Semporna,Semporna,4,Mohd Shafie Apdal,3585,WARISAN,74,26809
Sabah,P.190 Tawau,Tawau,1,Mary Yap Kain Ching,3932,BN,25,16673
Sabah,P.190 Tawau,Tawau,2,Alizaman Bin Jijurahman,4359,HR,81,2162
Sabah,P.190 Tawau,Tawau,3,Mohamad Bin Husain,2221,PAS,3,2518
Sabah,P.190 Tawau,Tawau,4,Christina Liew,3204,PKR,11,21400
Sabah,P.191 Kalabakan,Kalabakan,1,Ma'Mun Bin Sulaiman,4360,WARISAN,74,18486
Sabah,P.191 Kalabakan,Kalabakan,2,Abdul Ghapur Bin Salleh,3238,BN,25,15299
Sabah,P.191 Kalabakan,Kalabakan,3,Norbin Bin Aloh,4361,PAS,3,2813
Sabah,P.191 Kalabakan,Kalabakan,4,Ahmad Bin Lahama,4362,PPRS,77,311
Sarawak,P.192 Mas Gading,Mas Gading,1,Mordi Bimol,3940,DAP,18,12771
Sarawak,P.192 Mas Gading,Mas Gading,2,Nogeh Anak Gumbek,3939,BN,25,9747
Sarawak,P.193 Santubong,Santubong,1,Fidzuan Zaidi,4363,PKR,11,6894
Sarawak,P.193 Santubong,Santubong,2,Wan Junaidi Bin Tuanku Jaafar,2242,BN,25,26379
Sarawak,P.194 Petra Jaya,Petra Jaya,1,Fadillah Hj Yusof,3242,BN,25,28306
Sarawak,P.194 Petra Jaya,Petra Jaya,2,Nor Irwan Bin Ahmat Nor,4364,PKR,11,13289
Sarawak,P.194 Petra Jaya,Petra Jaya,3,Hamdan Sani,4365,PAS,3,1350
Sarawak,P.195 Bandar Kuching,Bandar Kuching,1,Kho Teck Wan,4366,BN,25,12575
Sarawak,P.195 Bandar Kuching,Bandar Kuching,2,Kelvin Yii Lee Wuen,4367,DAP,18,48548
Sarawak,P.196 Stampin,Stampin,1,Sim Kui Hian,4368,BN,25,18839
Sarawak,P.196 Stampin,Stampin,2,Chong Chieng Jen,2874,DAP,18,33060
Sarawak,P.197 Kota Samarahan,Kota Samarahan,1,Rubiah Wang,3947,BN,25,25070
Sarawak,P.197 Kota Samarahan,Kota Samarahan,2,Sopian Bin Julaihi,4369,PKR,11,8078
Sarawak,P.197 Kota Samarahan,Kota Samarahan,3,Zulkipli Ramzi,4370,PAS,3,2719
Sarawak,P.198 Puncak Borneo,Puncak Borneo,1,Buln Ribos,4371,STAR,64,795
Sarawak,P.198 Puncak Borneo,Puncak Borneo,2,Jeannoth Sinel,4372,BN,25,14860
Sarawak,P.198 Puncak Borneo,Puncak Borneo,3,Willie Mongin,3949,PKR,11,18865
Sarawak,P.199 Serian,Serian,1,Edward Andrew Luwak,3951,DAP,18,7640
Sarawak,P.199 Serian,Serian,2,Richard Riot Anak Jaem,2236,BN,25,17545
Sarawak,P.199 Serian,Serian,3,Senior Anak William Rade,4373,BEBAS,1,2234
Sarawak,P.200 Batang Sadong,Batang Sadong,1,Nancy Shukri,3603,BN,25,14208
Sarawak,P.200 Batang Sadong,Batang Sadong,2,Ustaz. Othman Bin Mustapha @ Mos,4374,PKR,11,1880
Sarawak,P.200 Batang Sadong,Batang Sadong,3,Asan Singkro,4375,PAS,3,978
Sarawak,P.201 Batang Lupar,Batang Lupar,1,Rohani Karim,2230,BN,25,14204
Sarawak,P.201 Batang Lupar,Batang Lupar,2,Wan Abdillah,4376,PAS,3,3927
Sarawak,P.201 Batang Lupar,Batang Lupar,3,Narudin Bin Mentali,4377,PKR,11,2020
Sarawak,P.202 Sri Aman,Sri Aman,1,Masir Kujat,3607,BN,25,14141
Sarawak,P.202 Sri Aman,Sri Aman,2,Cobbold Anak Lusoi,3606,PBDSB,72,538
Sarawak,P.202 Sri Aman,Sri Aman,3,Norina Umoi Anak Utot,4378,PKR,11,8321
Sarawak,P.203 Lubok Antu,Lubok Antu,1,Jugah Ak Muyang,4379,BEBAS,1,5834
Sarawak,P.203 Lubok Antu,Lubok Antu,2,Nicholas Bawin Anggat,3608,PKR,11,3942
Sarawak,P.203 Lubok Antu,Lubok Antu,3,Robert Pasang Alam,4380,BN,25,4775
Sarawak,P.204 Betong,Betong,1,Abang Ahmad Bin Abang Suni,4381,BEBAS,1,4401
Sarawak,P.204 Betong,Betong,2,Noel Changgai Bucking,4382,PKR,11,3802
Sarawak,P.204 Betong,Betong,3,Robert Lawson Chuat,4383,BN,25,12517
Sarawak,P.205 Saratok,Saratok,1,Subeng Anak Mula,4384,BN,25,10859
Sarawak,P.205 Saratok,Saratok,2,Ali Biju,3958,PKR,11,11848
Sarawak,P.206 Tanjong Manis,Tanjong Manis,1,Yusuf Bin Abdul Wahab,4385,BN,25,11402
Sarawak,P.206 Tanjong Manis,Tanjong Manis,2,Fadillah Sabali,4386,PKR,11,2728
Sarawak,P.207 Igan,Igan,1,Hud Andri,4387,PKR,11,2043
Sarawak,P.207 Igan,Igan,2,Ahmad Johnie Bin Zawawi,4388,BN,25,10538
Sarawak,P.208 Sarikei,Sarikei,1,Wong Ling Biu,3962,DAP,18,16327
Sarawak,P.208 Sarikei,Sarikei,2,Wong Chin King,4389,PBK,76,392
Sarawak,P.208 Sarikei,Sarikei,3,Huang Tiong Sii,4390,BN,25,13757
Sarawak,P.209 Julau,Julau,1,Larry Soon @ Larry Sng Wei Shien,3956,BEBAS,1,10105
Sarawak,P.209 Julau,Julau,2,Joseph Salang Anak Gandum,2894,BN,25,8174
Sarawak,P.210 Kanowit,Kanowit,1,Satu Anak Anchom,4391,PKR,11,5240
Sarawak,P.210 Kanowit,Kanowit,2,Aaron Ago Anak Dagang,3265,BN,25,9552
Sarawak,P.211 Lanang,Lanang,1,Alice Lau Kiong Yieng,3967,DAP,18,29905
Sarawak,P.211 Lanang,Lanang,2,Priscilla Lau,4392,PEACE,39,628
Sarawak,P.211 Lanang,Lanang,3,Kong Sien Chiu,4393,BN,25,15359
Sarawak,P.212 Sibu,Sibu,1,Wong Kee Yew,4394,BN,25,22389
Sarawak,P.212 Sibu,Sibu,2,Tiew Yen Houng,4395,PEACE,39,377
Sarawak,P.212 Sibu,Sibu,3,Oscar Ling Chai Yew,3969,DAP,18,33811
Sarawak,P.212 Sibu,Sibu,4,Tiong Ing Tung,4396,STAR,64,176
Sarawak,P.213 Mukah,Mukah,1,Hanifah Hajar Taib,4397,BN,25,13853
Sarawak,P.213 Mukah,Mukah,2,Abdul Jalil Bujang,4398,PKR,11,6853
Sarawak,P.214 Selangau,Selangau,1,Rita Insol,4399,BN,25,10742
Sarawak,P.214 Selangau,Selangau,2,Baru Bian,3981,PKR,11,11228
Sarawak,P.215 Kapit,Kapit,1,Paren Anak Nyawi,4400,DAP,18,3823
Sarawak,P.215 Kapit,Kapit,2,Alexander Nanta Linggi,2903,BN,25,14302
Sarawak,P.216 Hulu Rajang,Hulu Rajang,1,Abun Sui Anyit,3973,PKR,11,5519
Sarawak,P.216 Hulu Rajang,Hulu Rajang,2,Wilson Ugak Anak Kumbong,3974,BN,25,11834
Sarawak,P.217 Bintulu,Bintulu,1,Tiong King Sing,3622,BN,25,27076
Sarawak,P.217 Bintulu,Bintulu,2,Chiew Chan Yew,4401,DAP,18,20054
Sarawak,P.217 Bintulu,Bintulu,3,Chieng Lea Phing,4402,STAR,64,328
Sarawak,P.218 Sibuti,Sibuti,1,Lukanisman Bin Awang Sauni,4403,BN,25,12214
Sarawak,P.218 Sibuti,Sibuti,2,Anai Zulai,4404,PAS,3,1617
Sarawak,P.218 Sibuti,Sibuti,3,Jemat Panjang,4405,PKR,11,8538
Sarawak,P.219 Miri,Miri,1,Michael Teo Yu Keng,3625,PKR,11,35739
Sarawak,P.219 Miri,Miri,2,Sebastian Ting Chiew Yew,3977,BN,25,22076
Sarawak,P.220 Baram,Baram,1,Anyi Ngau,3978,BN,25,12171
Sarawak,P.220 Baram,Baram,2,Roland Engan,3980,PKR,11,10181
Sarawak,P.221 Limbang,Limbang,1,Ricardo Yampil Baba,4406,PKR,11,4879
Sarawak,P.221 Limbang,Limbang,2,Hasbi Bin Habibollah,3627,BN,25,12589
Sarawak,P.222 Lawas,Lawas,1,Henry Sum Agong,2912,BN,25,10037
Sarawak,P.222 Lawas,Lawas,2,Danny Piri,4407,PKR,11,4037
Sarawak,P.222 Lawas,Lawas,3,Mohammad Bin Brahim,4408,BEBAS,1,176
